{
    "best_epoch": 14,
    "best_train_accuracy": 0.6549278846153846,
    "best_train_loss": 1.2037377035006498,
    "best_communication_cost": 69888.00000000712,
    "top_imp_frac": 0.0,
    "tokens_sent": 19.0,
    "symbols_sent": 3840.0,
    "symbol_rate": 3648.0,
    "best_val_accuracy": {
        "-5": 0.42207278481012656,
        "0": 0.596815664556962,
        "10": 0.6666337025316456,
        "20": 0.681368670886076
    },
    "best_val_loss": {
        "-5": 2.208159301854387,
        "0": 1.4380787837354443,
        "10": 1.1508564813227593,
        "20": 1.1020774841308594
    },
    "best_val_power_alloc_enabled_snr_-5": 1.0,
    "best_val_power_alloc_alpha_snr_-5": 1.0,
    "best_val_p_mean_snr_-5": 0.9999999984910216,
    "best_val_p_min_snr_-5": 0.028438944758588,
    "best_val_p_max_snr_-5": 12.283804519267022,
    "best_val_mode_alloc_enabled_snr_-5": 0.0,
    "best_val_mimo_n_tx_snr_-5": 1.0,
    "best_val_mimo_T_snr_-5": 3840.0,
    "best_val_mimo_L_snr_-5": 3840.0,
    "best_val_mimo_L_pad_snr_-5": 3840.0,
    "best_val_mimo_pad_symbols_snr_-5": 0.0,
    "best_val_mimo_n_rx_snr_-5": 1.0,
    "best_val_stream_alloc_enabled_snr_-5": 0.0,
    "best_val_stream_alloc_assignment_enabled_snr_-5": 0.0,
    "best_val_stream_alloc_power_enabled_snr_-5": 0.0,
    "best_val_mimo_mmse_eps_snr_-5": 9.999999999999985e-07,
    "best_val_snr_db_target_snr_-5": -5.0,
    "best_val_snr_db_measured_pre_eq_snr_-5": -5.000075648102579,
    "best_val_snr_db_measured_post_eq_snr_-5": 1.1930672896059253,
    "best_val_snr_db_measured_snr_-5": 1.1930672896059253,
    "best_val_signal_power_pre_eq_snr_-5": 0.9999999864191949,
    "best_val_noise_power_pre_eq_snr_-5": 3.1623397537424593,
    "best_val_signal_power_post_eq_snr_-5": 0.9999999864191949,
    "best_val_noise_power_post_eq_snr_-5": 0.7597902379458463,
    "best_val_mimo_sigma2_snr_-5": 3.1622776985168457,
    "best_val_n_tokens_effective_snr_-5": 20.0,
    "best_val_n_tokens_full_snr_-5": 20.0,
    "best_val_dim_channel_snr_-5": 192.0,
    "best_val_tokens_selected_snr_-5": 19.0,
    "best_val_tokens_sent_snr_-5": 19.0,
    "best_val_tokens_capacity_snr_-5": 19.0,
    "best_val_d_sent_snr_-5": 192.0,
    "best_val_tokens_sent_excl_cls_snr_-5": 19.0,
    "best_val_rate_symbols_multiplier_snr_-5": 1.0,
    "best_val_rate_symbols_snr_-5": 3648.0,
    "best_val_rate_bits_snr_-5": 0.0,
    "best_val_q_symbols_snr_-5": 3840.0,
    "best_val_power_alloc_enabled_snr_0": 1.0,
    "best_val_power_alloc_alpha_snr_0": 1.0,
    "best_val_p_mean_snr_0": 1.0,
    "best_val_p_min_snr_0": 0.02663432000369965,
    "best_val_p_max_snr_0": 12.035653959346723,
    "best_val_mode_alloc_enabled_snr_0": 0.0,
    "best_val_mimo_n_tx_snr_0": 1.0,
    "best_val_mimo_T_snr_0": 3840.0,
    "best_val_mimo_L_snr_0": 3840.0,
    "best_val_mimo_L_pad_snr_0": 3840.0,
    "best_val_mimo_pad_symbols_snr_0": 0.0,
    "best_val_mimo_n_rx_snr_0": 1.0,
    "best_val_stream_alloc_enabled_snr_0": 0.0,
    "best_val_stream_alloc_assignment_enabled_snr_0": 0.0,
    "best_val_stream_alloc_power_enabled_snr_0": 0.0,
    "best_val_mimo_mmse_eps_snr_0": 9.999999999999985e-07,
    "best_val_snr_db_target_snr_0": 0.0,
    "best_val_snr_db_measured_pre_eq_snr_0": -0.0008551406186321585,
    "best_val_snr_db_measured_post_eq_snr_0": 3.010530293742313,
    "best_val_snr_db_measured_snr_0": 3.010530293742313,
    "best_val_signal_power_pre_eq_snr_0": 0.9999999909461299,
    "best_val_noise_power_pre_eq_snr_0": 1.0001989746395545,
    "best_val_signal_power_post_eq_snr_0": 0.9999999909461299,
    "best_val_noise_power_post_eq_snr_0": 0.49997425569763665,
    "best_val_mimo_sigma2_snr_0": 1.0,
    "best_val_n_tokens_effective_snr_0": 20.0,
    "best_val_n_tokens_full_snr_0": 20.0,
    "best_val_dim_channel_snr_0": 192.0,
    "best_val_tokens_selected_snr_0": 19.0,
    "best_val_tokens_sent_snr_0": 19.0,
    "best_val_tokens_capacity_snr_0": 19.0,
    "best_val_d_sent_snr_0": 192.0,
    "best_val_tokens_sent_excl_cls_snr_0": 19.0,
    "best_val_rate_symbols_multiplier_snr_0": 1.0,
    "best_val_rate_symbols_snr_0": 3648.0,
    "best_val_rate_bits_snr_0": 0.0,
    "best_val_q_symbols_snr_0": 3840.0,
    "best_val_power_alloc_enabled_snr_10": 1.0,
    "best_val_power_alloc_alpha_snr_10": 1.0,
    "best_val_p_mean_snr_10": 1.0,
    "best_val_p_min_snr_10": 0.0267918620117103,
    "best_val_p_max_snr_10": 12.157583441915392,
    "best_val_mode_alloc_enabled_snr_10": 0.0,
    "best_val_mimo_n_tx_snr_10": 1.0,
    "best_val_mimo_T_snr_10": 3840.0,
    "best_val_mimo_L_snr_10": 3840.0,
    "best_val_mimo_L_pad_snr_10": 3840.0,
    "best_val_mimo_pad_symbols_snr_10": 0.0,
    "best_val_mimo_n_rx_snr_10": 1.0,
    "best_val_stream_alloc_enabled_snr_10": 0.0,
    "best_val_stream_alloc_assignment_enabled_snr_10": 0.0,
    "best_val_stream_alloc_power_enabled_snr_10": 0.0,
    "best_val_mimo_mmse_eps_snr_10": 9.999999999999985e-07,
    "best_val_snr_db_target_snr_10": 10.0,
    "best_val_snr_db_measured_pre_eq_snr_10": 10.002781445467019,
    "best_val_snr_db_measured_post_eq_snr_10": 10.416591197629518,
    "best_val_snr_db_measured_snr_10": 10.416591197629518,
    "best_val_signal_power_pre_eq_snr_10": 0.9999999879281732,
    "best_val_noise_power_pre_eq_snr_10": 0.09993621471184719,
    "best_val_signal_power_post_eq_snr_10": 0.9999999879281732,
    "best_val_noise_power_post_eq_snr_10": 0.09085357104298435,
    "best_val_mimo_sigma2_snr_10": 0.09999999403953552,
    "best_val_n_tokens_effective_snr_10": 20.0,
    "best_val_n_tokens_full_snr_10": 20.0,
    "best_val_dim_channel_snr_10": 192.0,
    "best_val_tokens_selected_snr_10": 19.0,
    "best_val_tokens_sent_snr_10": 19.0,
    "best_val_tokens_capacity_snr_10": 19.0,
    "best_val_d_sent_snr_10": 192.0,
    "best_val_tokens_sent_excl_cls_snr_10": 19.0,
    "best_val_rate_symbols_multiplier_snr_10": 1.0,
    "best_val_rate_symbols_snr_10": 3648.0,
    "best_val_rate_bits_snr_10": 0.0,
    "best_val_q_symbols_snr_10": 3840.0,
    "best_val_power_alloc_enabled_snr_20": 1.0,
    "best_val_power_alloc_alpha_snr_20": 1.0,
    "best_val_p_mean_snr_20": 0.9999999969820433,
    "best_val_p_min_snr_20": 0.02633045866048034,
    "best_val_p_max_snr_20": 11.867304958874666,
    "best_val_mode_alloc_enabled_snr_20": 0.0,
    "best_val_mimo_n_tx_snr_20": 1.0,
    "best_val_mimo_T_snr_20": 3840.0,
    "best_val_mimo_L_snr_20": 3840.0,
    "best_val_mimo_L_pad_snr_20": 3840.0,
    "best_val_mimo_pad_symbols_snr_20": 0.0,
    "best_val_mimo_n_rx_snr_20": 1.0,
    "best_val_stream_alloc_enabled_snr_20": 0.0,
    "best_val_stream_alloc_assignment_enabled_snr_20": 0.0,
    "best_val_stream_alloc_power_enabled_snr_20": 0.0,
    "best_val_mimo_mmse_eps_snr_20": 9.999999999999985e-07,
    "best_val_snr_db_target_snr_20": 20.0,
    "best_val_snr_db_measured_pre_eq_snr_20": 20.001355786866778,
    "best_val_snr_db_measured_post_eq_snr_20": 20.044438060325913,
    "best_val_snr_db_measured_snr_20": 20.044438060325913,
    "best_val_signal_power_pre_eq_snr_20": 0.9999999826467489,
    "best_val_noise_power_pre_eq_snr_20": 0.009996903282177599,
    "best_val_signal_power_post_eq_snr_20": 0.9999999826467489,
    "best_val_noise_power_post_eq_snr_20": 0.009898223584117015,
    "best_val_mimo_sigma2_snr_20": 0.009999999776482582,
    "best_val_n_tokens_effective_snr_20": 20.0,
    "best_val_n_tokens_full_snr_20": 20.0,
    "best_val_dim_channel_snr_20": 192.0,
    "best_val_tokens_selected_snr_20": 19.0,
    "best_val_tokens_sent_snr_20": 19.0,
    "best_val_tokens_capacity_snr_20": 19.0,
    "best_val_d_sent_snr_20": 192.0,
    "best_val_tokens_sent_excl_cls_snr_20": 19.0,
    "best_val_rate_symbols_multiplier_snr_20": 1.0,
    "best_val_rate_symbols_snr_20": 3648.0,
    "best_val_rate_bits_snr_20": 0.0,
    "best_val_q_symbols_snr_20": 3840.0,
    "best_train_power_alloc_enabled": 1.0,
    "best_train_power_alloc_alpha": 1.0,
    "best_train_p_mean": 0.9999999987773406,
    "best_train_p_min": 0.02831151680304454,