{"tau": 1.963045, "logits_std": 0.003187400523203019, "logits_mean": 0.005049246156182236, "entropy": 5.057451803867633, "grad_score_head": 0.2681887354606237, "grad_backbone": 0.08573577203429662, "payload_x_norm": 400.9533253205128, "payload_out_norm": 646.1853755070613, "payload_diff_norm": 530.8180725097657, "epoch": 1}
{"tau": 1.8889449999999999, "logits_std": 0.004517869265057529, "logits_mean": 0.005093944150333604, "entropy": 4.967655257689647, "grad_score_head": 0.2696407315058586, "grad_backbone": 0.13786982930241487, "payload_x_norm": 373.38119068634813, "payload_out_norm": 650.2451036502154, "payload_diff_norm": 542.8593422914163, "epoch": 2}
{"tau": 1.8148449999999998, "logits_std": 0.005079691983663883, "logits_mean": 0.00509401224911786, "entropy": 4.91638718140431, "grad_score_head": 0.2692519248296053, "grad_backbone": 0.16199315683199808, "payload_x_norm": 367.6319830478766, "payload_out_norm": 653.4209305200822, "payload_diff_norm": 546.6340026072967, "epoch": 3}
{"tau": 1.7407450000000002, "logits_std": 0.0052446050975376215, "logits_mean": 0.005094173333297173, "entropy": 4.8956552896744165, "grad_score_head": 0.268841002537654, "grad_backbone": 0.17043572255434133, "payload_x_norm": 368.0613439315405, "payload_out_norm": 643.9104780148238, "payload_diff_norm": 542.6695371970152, "epoch": 4}
{"tau": 1.666645, "logits_std": 0.005084562173877389, "logits_mean": 0.005093648530638371, "entropy": 4.9151532270969485, "grad_score_head": 0.2685173169924663, "grad_backbone": 0.17526148794553217, "payload_x_norm": 369.59836942232573, "payload_out_norm": 644.6941908616286, "payload_diff_norm": 542.8953979492187, "epoch": 5}
{"tau": 1.592545, "logits_std": 0.00512764702240626, "logits_mean": 0.005094114972803837, "entropy": 4.911837332065289, "grad_score_head": 0.26806889466750317, "grad_backbone": 0.17729979004615393, "payload_x_norm": 373.54578184470154, "payload_out_norm": 647.2808923183343, "payload_diff_norm": 544.6022165151743, "epoch": 6}
{"tau": 1.5184449999999998, "logits_std": 0.005124895749852443, "logits_mean": 0.00509492605805206, "entropy": 4.911298750608395, "grad_score_head": 0.26793293081797087, "grad_backbone": 0.17864163193183066, "payload_x_norm": 377.14172699757114, "payload_out_norm": 648.0242163242438, "payload_diff_norm": 545.7871368408203, "epoch": 7}
{"tau": 1.444345, "logits_std": 0.005033190074400642, "logits_mean": 0.005094598743539208, "entropy": 4.918093544397599, "grad_score_head": 0.2676795107431901, "grad_backbone": 0.1804043935277523, "payload_x_norm": 379.2538112542568, "payload_out_norm": 644.1733409392529, "payload_diff_norm": 543.877881250626, "epoch": 8}
{"tau": 1.370245, "logits_std": 0.00502833197466456, "logits_mean": 0.00509457787594352, "entropy": 4.91647832943843, "grad_score_head": 0.2676766939652272, "grad_backbone": 0.1816302898984689, "payload_x_norm": 382.3525430532602, "payload_out_norm": 650.9061335637019, "payload_diff_norm": 547.6977329351963, "epoch": 9}
{"tau": 1.296145, "logits_std": 0.005011132460994981, "logits_mean": 0.005094677391342627, "entropy": 4.91957836273389, "grad_score_head": 0.267424119130159, "grad_backbone": 0.180108441450657, "payload_x_norm": 385.6290064885066, "payload_out_norm": 649.1536785419171, "payload_diff_norm": 546.8874407645984, "epoch": 10}
{"tau": 1.2220449999999998, "logits_std": 0.005049843385290259, "logits_mean": 0.005095242865335865, "entropy": 4.915372337439122, "grad_score_head": 0.26727088468197063, "grad_backbone": 0.17974086778286175, "payload_x_norm": 388.8690981351412, "payload_out_norm": 643.4059765938001, "payload_diff_norm": 544.8322119297126, "epoch": 11}
{"tau": 1.147945, "logits_std": 0.005010994561971762, "logits_mean": 0.005095431343532908, "entropy": 4.919346870520176, "grad_score_head": 0.2673416608419174, "grad_backbone": 0.18031260894659237, "payload_x_norm": 392.60208685459236, "payload_out_norm": 641.3336742694561, "payload_diff_norm": 544.0109584710536, "epoch": 12}
{"tau": 1.073845, "logits_std": 0.004952728972794153, "logits_mean": 0.0050954768983408425, "entropy": 4.924129596123328, "grad_score_head": 0.26709397045465616, "grad_backbone": 0.17890197718754794, "payload_x_norm": 395.0116434733073, "payload_out_norm": 646.9525311592298, "payload_diff_norm": 547.1265865228115, "epoch": 13}
{"tau": 0.999745, "logits_std": 0.004962729020283008, "logits_mean": 0.00509554623411252, "entropy": 4.926770600294455, "grad_score_head": 0.26721190840770037, "grad_backbone": 0.18098249584436416, "payload_x_norm": 398.79614711663663, "payload_out_norm": 651.1090368808844, "payload_diff_norm": 550.1597340901693, "epoch": 14}
{"tau": 0.9256449999999998, "logits_std": 0.004860924386108915, "logits_mean": 0.005095406707662803, "entropy": 4.934430179840479, "grad_score_head": 0.26701940787144196, "grad_backbone": 0.17817097585170696, "payload_x_norm": 402.7976530417418, "payload_out_norm": 647.3404303135017, "payload_diff_norm": 548.8638379219251, "epoch": 15}
