{
    "best_epoch": 15,
    "best_train_accuracy": 0.7392828525641025,
    "best_train_loss": 0.8898278633753459,
    "best_communication_cost": 240664.32000002032,
    "top_imp_frac": 0.0,
    "tokens_sent": 62.0,
    "symbols_sent": 12096.0,
    "symbol_rate": 11904.0,
    "best_val_accuracy": {
        "-5": 0.4901107594936709,
        "0": 0.6612935126582279,
        "10": 0.7280458860759493,
        "20": 0.7311115506329114
    },
    "best_val_loss": {
        "-5": 1.8945365797115277,
        "0": 1.2004195391377317,
        "10": 0.9425299816493746,
        "20": 0.9250261579887776
    },
    "best_val_power_alloc_enabled_snr_-5": 1.0,
    "best_val_power_alloc_alpha_snr_-5": 1.0,
    "best_val_p_mean_snr_-5": 1.0000000829938092,
    "best_val_p_min_snr_-5": 0.006161796394735575,
    "best_val_p_max_snr_-5": 61.62412643432617,
    "best_val_mode_alloc_enabled_snr_-5": 0.0,
    "best_val_mimo_n_tx_snr_-5": 1.0,
    "best_val_mimo_T_snr_-5": 12096.0,
    "best_val_mimo_L_snr_-5": 12096.0,
    "best_val_mimo_L_pad_snr_-5": 12096.0,
    "best_val_mimo_pad_symbols_snr_-5": 0.0,
    "best_val_mimo_n_rx_snr_-5": 1.0,
    "best_val_stream_alloc_enabled_snr_-5": 0.0,
    "best_val_stream_alloc_assignment_enabled_snr_-5": 0.0,
    "best_val_stream_alloc_power_enabled_snr_-5": 0.0,
    "best_val_mimo_mmse_eps_snr_-5": 9.999999999999985e-07,
    "best_val_snr_db_target_snr_-5": -5.0,
    "best_val_snr_db_measured_pre_eq_snr_-5": -5.000175838229023,
    "best_val_snr_db_measured_post_eq_snr_-5": 1.1930346338054802,
    "best_val_snr_db_measured_snr_-5": 1.1930346338054802,
    "best_val_signal_power_pre_eq_snr_-5": 0.9999999388863768,
    "best_val_noise_power_pre_eq_snr_-5": 3.1624074193495737,
    "best_val_signal_power_post_eq_snr_-5": 0.9999999388863768,
    "best_val_noise_power_post_eq_snr_-5": 0.7597953390471542,
    "best_val_mimo_sigma2_snr_-5": 3.1622772609131244,
    "best_val_n_tokens_effective_snr_-5": 63.0,
    "best_val_n_tokens_full_snr_-5": 63.0,
    "best_val_dim_channel_snr_-5": 192.0,
    "best_val_tokens_selected_snr_-5": 62.0,
    "best_val_tokens_sent_snr_-5": 62.0,
    "best_val_tokens_capacity_snr_-5": 62.0,
    "best_val_d_sent_snr_-5": 192.0,
    "best_val_tokens_sent_excl_cls_snr_-5": 62.0,
    "best_val_rate_symbols_multiplier_snr_-5": 1.0,
    "best_val_rate_symbols_snr_-5": 11904.0,
    "best_val_rate_bits_snr_-5": 0.0,
    "best_val_q_symbols_snr_-5": 12096.0,
    "best_val_power_alloc_enabled_snr_0": 1.0,
    "best_val_power_alloc_alpha_snr_0": 1.0,
    "best_val_p_mean_snr_0": 1.0000000890297225,
    "best_val_p_min_snr_0": 0.006161796394735575,
    "best_val_p_max_snr_0": 61.62412643432617,
    "best_val_mode_alloc_enabled_snr_0": 0.0,
    "best_val_mimo_n_tx_snr_0": 1.0,
    "best_val_mimo_T_snr_0": 12096.0,
    "best_val_mimo_L_snr_0": 12096.0,
    "best_val_mimo_L_pad_snr_0": 12096.0,
    "best_val_mimo_pad_symbols_snr_0": 0.0,
    "best_val_mimo_n_rx_snr_0": 1.0,
    "best_val_stream_alloc_enabled_snr_0": 0.0,
    "best_val_stream_alloc_assignment_enabled_snr_0": 0.0,
    "best_val_stream_alloc_power_enabled_snr_0": 0.0,
    "best_val_mimo_mmse_eps_snr_0": 9.999999999999985e-07,
    "best_val_snr_db_target_snr_0": 0.0,
    "best_val_snr_db_measured_pre_eq_snr_0": -7.06795681138299e-05,
    "best_val_snr_db_measured_post_eq_snr_0": 3.010880298252347,
    "best_val_snr_db_measured_snr_0": 3.010880298252347,
    "best_val_signal_power_pre_eq_snr_0": 0.9999999403953552,
    "best_val_noise_power_pre_eq_snr_0": 1.0000168507612204,
    "best_val_signal_power_post_eq_snr_0": 0.9999999403953552,
    "best_val_noise_power_post_eq_snr_0": 0.4999333446538901,
    "best_val_mimo_sigma2_snr_0": 0.999999956994117,
    "best_val_n_tokens_effective_snr_0": 63.0,
    "best_val_n_tokens_full_snr_0": 63.0,
    "best_val_dim_channel_snr_0": 192.0,
    "best_val_tokens_selected_snr_0": 62.0,
    "best_val_tokens_sent_snr_0": 62.0,
    "best_val_tokens_capacity_snr_0": 62.0,
    "best_val_d_sent_snr_0": 192.0,
    "best_val_tokens_sent_excl_cls_snr_0": 62.0,
    "best_val_rate_symbols_multiplier_snr_0": 1.0,
    "best_val_rate_symbols_snr_0": 11904.0,
    "best_val_rate_bits_snr_0": 0.0,
    "best_val_q_symbols_snr_0": 12096.0,
    "best_val_power_alloc_enabled_snr_10": 1.0,
    "best_val_power_alloc_alpha_snr_10": 1.0,
    "best_val_p_mean_snr_10": 1.0000000724309608,
    "best_val_p_min_snr_10": 0.018742028305519232,
    "best_val_p_max_snr_10": 60.85673243033735,
    "best_val_mode_alloc_enabled_snr_10": 0.0,
    "best_val_mimo_n_tx_snr_10": 1.0,
    "best_val_mimo_T_snr_10": 12096.0,
    "best_val_mimo_L_snr_10": 12096.0,
    "best_val_mimo_L_pad_snr_10": 12096.0,
    "best_val_mimo_pad_symbols_snr_10": 0.0,
    "best_val_mimo_n_rx_snr_10": 1.0,
    "best_val_stream_alloc_enabled_snr_10": 0.0,
    "best_val_stream_alloc_assignment_enabled_snr_10": 0.0,
    "best_val_stream_alloc_power_enabled_snr_10": 0.0,
    "best_val_mimo_mmse_eps_snr_10": 9.999999999999985e-07,
    "best_val_snr_db_target_snr_10": 10.0,
    "best_val_snr_db_measured_pre_eq_snr_10": 9.999415119992026,
    "best_val_snr_db_measured_post_eq_snr_10": 10.41325930100453,
    "best_val_snr_db_measured_snr_10": 10.41325930100453,
    "best_val_signal_power_pre_eq_snr_10": 0.9999999388863768,
    "best_val_noise_power_pre_eq_snr_10": 0.10001355900040156,
    "best_val_signal_power_post_eq_snr_10": 0.9999999388863768,
    "best_val_noise_power_post_eq_snr_10": 0.09092312872032576,
    "best_val_mimo_sigma2_snr_10": 0.09999999403953552,
    "best_val_n_tokens_effective_snr_10": 63.0,
    "best_val_n_tokens_full_snr_10": 63.0,
    "best_val_dim_channel_snr_10": 192.0,
    "best_val_tokens_selected_snr_10": 62.0,
    "best_val_tokens_sent_snr_10": 62.0,
    "best_val_tokens_capacity_snr_10": 62.0,
    "best_val_d_sent_snr_10": 192.0,
    "best_val_tokens_sent_excl_cls_snr_10": 62.0,
    "best_val_rate_symbols_multiplier_snr_10": 1.0,
    "best_val_rate_symbols_snr_10": 11904.0,
    "best_val_rate_bits_snr_10": 0.0,
    "best_val_q_symbols_snr_10": 12096.0,
    "best_val_power_alloc_enabled_snr_20": 1.0,
    "best_val_power_alloc_alpha_snr_20": 1.0,
    "best_val_p_mean_snr_20": 1.0000000875207442,
    "best_val_p_min_snr_20": 0.006161796382946681,
    "best_val_p_max_snr_20": 61.62412643432617,
    "best_val_mode_alloc_enabled_snr_20": 0.0,
    "best_val_mimo_n_tx_snr_20": 1.0,
    "best_val_mimo_T_snr_20": 12096.0,
    "best_val_mimo_L_snr_20": 12096.0,
    "best_val_mimo_L_pad_snr_20": 12096.0,
    "best_val_mimo_pad_symbols_snr_20": 0.0,
    "best_val_mimo_n_rx_snr_20": 1.0,
    "best_val_stream_alloc_enabled_snr_20": 0.0,
    "best_val_stream_alloc_assignment_enabled_snr_20": 0.0,
    "best_val_stream_alloc_power_enabled_snr_20": 0.0,
    "best_val_mimo_mmse_eps_snr_20": 9.999999999999985e-07,
    "best_val_snr_db_target_snr_20": 20.0,
    "best_val_snr_db_measured_pre_eq_snr_20": 19.999990849555292,
    "best_val_snr_db_measured_post_eq_snr_20": 20.04329502733448,
    "best_val_snr_db_measured_snr_20": 20.04329502733448,
    "best_val_signal_power_pre_eq_snr_20": 0.9999999396408661,
    "best_val_noise_power_pre_eq_snr_20": 0.010000029531649397,
    "best_val_signal_power_post_eq_snr_20": 0.9999999396408661,
    "best_val_noise_power_post_eq_snr_20": 0.009900812908441206,
    "best_val_mimo_sigma2_snr_20": 0.009999999151671235,
    "best_val_n_tokens_effective_snr_20": 63.0,
    "best_val_n_tokens_full_snr_20": 63.0,
    "best_val_dim_channel_snr_20": 192.0,
    "best_val_tokens_selected_snr_20": 62.0,
    "best_val_tokens_sent_snr_20": 62.0,
    "best_val_tokens_capacity_snr_20": 62.0,
    "best_val_d_sent_snr_20": 192.0,
    "best_val_tokens_sent_excl_cls_snr_20": 62.0,
    "best_val_rate_symbols_multiplier_snr_20": 1.0,
    "best_val_rate_symbols_snr_20": 11904.0,
    "best_val_rate_bits_snr_20": 0.0,
    "best_val_q_symbols_snr_20": 12096.0,
    "best_train_power_alloc_enabled": 1.0,
    "best_train_power_alloc_alpha": 1.0,