{"tau": 1.9938232128991722, "logits_std": 0.7819378978166824, "logits_mean": 0.0036744162565670335, "logits_max": 2.8197426508634518, "logits_min": -1.5698923917917105, "entropy": 4.901705079200941, "grad_score_head": 0.01578892832980133, "grad_backbone": 0.13162534543050405, "payload_x_norm": 1100.2010305551382, "payload_out_norm": 1016.1290408403446, "payload_diff_norm": 438.3748789469401, "y_tri_raw_mean": 16.046108624874016, "y_tri_raw_std": 6.450288182191359, "y_tri_norm_mean": 2.2352935342670538e-08, "y_tri_norm_std": 1.0000195243419745, "beta": 1.0101275084874568, "gamma": 0.9037434296730237, "gate_sigmoid": 0.8700866798559824, "base_entropy": 5.067142053750845, "batch_entropy": 4.956902776620327, "p_max": 0.07619301984803034, "interaction_norm_check": 1.0000195243419745, "epoch": 1}
{"tau": 1.9569917164065023, "logits_std": 0.4587310708486117, "logits_mean": 0.00400222464858626, "logits_max": 1.1526660977265775, "logits_min": -0.8671972580445119, "entropy": 5.180239305740748, "grad_score_head": 0.02045925543524134, "grad_backbone": 0.1616016930112472, "payload_x_norm": 1114.8153801551232, "payload_out_norm": 1026.6688737135667, "payload_diff_norm": 395.63110997126654, "y_tri_raw_mean": 20.86803954686874, "y_tri_raw_std": 9.787503171578432, "y_tri_norm_mean": 1.3968181345341407e-08, "y_tri_norm_std": 1.000019791798714, "beta": 1.0031062676356388, "gamma": 0.5698842358130675, "gate_sigmoid": 0.8313550198689486, "base_entropy": 4.885482111955301, "batch_entropy": 5.191015852414645, "p_max": 0.014593737312138845, "interaction_norm_check": 1.000019791798714, "epoch": 2}
{"tau": 1.8848908095309802, "logits_std": 0.27279462745556465, "logits_mean": 0.004161759191312087, "logits_max": 0.7080178677271574, "logits_min": -0.5228032160263795, "entropy": 5.241927058880146, "grad_score_head": 0.020197033343645625, "grad_backbone": 0.16283046410251886, "payload_x_norm": 1072.1519201034155, "payload_out_norm": 987.3894884940905, "payload_diff_norm": 375.16658617655435, "y_tri_raw_mean": 21.752335465260042, "y_tri_raw_std": 10.45871171706762, "y_tri_norm_mean": 1.3394353126852452e-08, "y_tri_norm_std": 1.0000197948553624, "beta": 1.017189608170436, "gamma": 0.35337606225258267, "gate_sigmoid": 0.807442170381546, "base_entropy": 4.788089437973805, "batch_entropy": 5.246528759980813, "p_max": 0.009974348358809948, "interaction_norm_check": 1.0000197948553624, "epoch": 3}
{"tau": 1.7806716478816023, "logits_std": 0.19209063114264072, "logits_mean": 0.004323700366493983, "logits_max": 0.4984298743498631, "logits_min": -0.36592555099572893, "entropy": 5.259950046050243, "grad_score_head": 0.02105870463479406, "grad_backbone": 0.15511120920762037, "payload_x_norm": 1086.2570402487731, "payload_out_norm": 1003.8444799961188, "payload_diff_norm": 363.1912974235339, "y_tri_raw_mean": 22.462897085532163, "y_tri_raw_std": 10.930023978306696, "y_tri_norm_mean": 1.3064881276818568e-08, "y_tri_norm_std": 1.0000197936327029, "beta": 1.0478432082212887, "gamma": 0.25309239075734064, "gate_sigmoid": 0.7980025795789866, "base_entropy": 4.7590518719110735, "batch_entropy": 5.262226788202922, "p_max": 0.008218697798796571, "interaction_norm_check": 1.0000197936327029, "epoch": 4}
{"tau": 1.6488891089214692, "logits_std": 0.15507371536432168, "logits_mean": 0.004607394798539388, "logits_max": 0.43291219090804073, "logits_min": -0.29940307419269513, "entropy": 5.266027630292452, "grad_score_head": 0.021847194571716664, "grad_backbone": 0.15351105202467014, "payload_x_norm": 1080.2718592717097, "payload_out_norm": 990.8405724158654, "payload_diff_norm": 375.8650972610865, "y_tri_raw_mean": 23.399927320235815, "y_tri_raw_std": 11.259920359880496, "y_tri_norm_mean": 1.336118907895568e-08, "y_tri_norm_std": 1.0000197936327029, "beta": 1.102603647342095, "gamma": 0.20578001661178394, "gate_sigmoid": 0.7937837904844529, "base_entropy": 4.757909838358561, "batch_entropy": 5.2678965409596765, "p_max": 0.007752346024155999, "interaction_norm_check": 1.0000197936327029, "epoch": 5}
{"tau": 1.4953027219659205, "logits_std": 0.124680667809951, "logits_mean": 0.004966159186397608, "logits_max": 0.35156131936953616, "logits_min": -0.24047240607249432, "entropy": 5.270286324085333, "grad_score_head": 0.022024781081395654, "grad_backbone": 0.14676869618587005, "payload_x_norm": 1094.9872225247896, "payload_out_norm": 1008.3244797926683, "payload_diff_norm": 373.1828634800055, "y_tri_raw_mean": 25.121917206201797, "y_tri_raw_std": 11.931978707435803, "y_tri_norm_mean": 1.2349746447881955e-08, "y_tri_norm_std": 1.0000197911873843, "beta": 1.1828338876748696, "gamma": 0.1658686061318104, "gate_sigmoid": 0.7900981357464424, "base_entropy": 4.746501799118825, "batch_entropy": 5.271479447682698, "p_max": 0.007165794547360677, "interaction_norm_check": 1.0000197911873843, "epoch": 6}
{"tau": 1.326624949114166, "logits_std": 0.10870082080364227, "logits_mean": 0.005123956942071135, "logits_max": 0.3182991753403957, "logits_min": -0.21577116564298288, "entropy": 5.2721535927210095, "grad_score_head": 0.0221190926594994, "grad_backbone": 0.14414991491880172, "payload_x_norm": 1085.1040637676533, "payload_out_norm": 994.5234481420273, "payload_diff_norm": 381.56111825796273, "y_tri_raw_mean": 28.05325097304124, "y_tri_raw_std": 12.919982262146778, "y_tri_norm_mean": 1.3698872679019526e-08, "y_tri_norm_std": 1.0000197927157084, "beta": 1.223423524391957, "gamma": 0.14472168003901456, "gate_sigmoid": 0.7877185445565443, "base_entropy": 4.692501476483467, "batch_entropy": 5.273175419293917, "p_max": 0.006944163099456674, "interaction_norm_check": 1.0000197927157084, "epoch": 7}
{"tau": 1.1502278184455834, "logits_std": 0.09596250855769867, "logits_mean": 0.005162531941030652, "logits_max": 0.2910403883227935, "logits_min": -0.19848472269681783, "entropy": 5.2734061351189245, "grad_score_head": 0.022402448947422014, "grad_backbone": 0.14138677385755075, "payload_x_norm": 1098.6172471266527, "payload_out_norm": 1016.4116193722456, "payload_diff_norm": 360.29645049266327, "y_tri_raw_mean": 32.384310551178764, "y_tri_raw_std": 14.907721580603184, "y_tri_norm_mean": 1.4567278588381226e-08, "y_tri_norm_std": 1.000019801274324, "beta": 1.2488359069212889, "gamma": 0.1284039333080634, "gate_sigmoid": 0.784971182162945, "base_entropy": 4.686176930941068, "batch_entropy": 5.274355310048812, "p_max": 0.006765581407130529, "interaction_norm_check": 1.000019801274324, "epoch": 8}
{"tau": 0.9738207310177344, "logits_std": 0.10167050476257618, "logits_mean": 0.005371878385687104, "logits_max": 0.34106154571741054, "logits_min": -0.23054858484329321, "entropy": 5.272853369590564, "grad_score_head": 0.02278084866463756, "grad_backbone": 0.13860163044853088, "payload_x_norm": 1106.8972087371044, "payload_out_norm": 1022.8056803385417, "payload_diff_norm": 365.1816462003268, "y_tri_raw_mean": 36.31765365600586, "y_tri_raw_std": 16.40330558189979, "y_tri_norm_mean": 1.6082590582710824e-08, "y_tri_norm_std": 1.0000198162519014, "beta": 1.274605044340476, "gamma": 0.13576154053593292, "gate_sigmoid": 0.7845120290915172, "base_entropy": 4.654046959754748, "batch_entropy": 5.27417818582975, "p_max": 0.0071133724222771635, "interaction_norm_check": 1.0000198162519014, "epoch": 9}
{"tau": 0.805113523046339, "logits_std": 0.09463137451272745, "logits_mean": 0.005075369913799641, "logits_max": 0.308421262105306, "logits_min": -0.2051736138187922, "entropy": 5.273566832909217, "grad_score_head": 0.022748919951323516, "grad_backbone": 0.1368448063922234, "payload_x_norm": 1087.2905284392527, "payload_out_norm": 998.723896515675, "payload_diff_norm": 372.1945606036064, "y_tri_raw_mean": 39.30420830555451, "y_tri_raw_std": 18.589129658234427, "y_tri_norm_mean": 1.3703307545667233e-08, "y_tri_norm_std": 1.0000198361201165, "beta": 1.2026272929631747, "gamma": 0.12764567497831125, "gate_sigmoid": 0.7820370466281206, "base_entropy": 4.640996071008535, "batch_entropy": 5.274626504457914, "p_max": 0.006885214733819549,