{
    "best_epoch": 13,
    "best_train_accuracy": 0.7004607371794872,
    "best_train_loss": 1.0383241607592657,
    "best_communication_cost": 102665.47199999548,
    "top_imp_frac": 0.0,
    "tokens_sent": 31.0,
    "symbols_sent": 6144.0,
    "symbol_rate": 5952.0,
    "best_val_accuracy": {
        "-5": 0.46528876582278483,
        "0": 0.6337025316455697,
        "10": 0.6925435126582279,
        "20": 0.7022349683544303
    },
    "best_val_loss": {
        "-5": 2.000715438323685,
        "0": 1.3035704727414288,
        "10": 1.0747321723382683,
        "20": 1.0489810403389266
    },
    "best_val_power_alloc_enabled_snr_-5": 1.0,
    "best_val_power_alloc_alpha_snr_-5": 1.0,
    "best_val_p_mean_snr_-5": 1.0000001177003113,
    "best_val_p_min_snr_-5": 0.21522034188331682,
    "best_val_p_max_snr_-5": 24.543390583388412,
    "best_val_mode_alloc_enabled_snr_-5": 0.0,
    "best_val_mimo_n_tx_snr_-5": 1.0,
    "best_val_mimo_T_snr_-5": 6144.0,
    "best_val_mimo_L_snr_-5": 6144.0,
    "best_val_mimo_L_pad_snr_-5": 6144.0,
    "best_val_mimo_pad_symbols_snr_-5": 0.0,
    "best_val_mimo_n_rx_snr_-5": 1.0,
    "best_val_stream_alloc_enabled_snr_-5": 0.0,
    "best_val_stream_alloc_assignment_enabled_snr_-5": 0.0,
    "best_val_stream_alloc_power_enabled_snr_-5": 0.0,
    "best_val_mimo_mmse_eps_snr_-5": 9.999999999999985e-07,
    "best_val_snr_db_target_snr_-5": -5.0,
    "best_val_snr_db_measured_pre_eq_snr_-5": -4.999925190889383,
    "best_val_snr_db_measured_post_eq_snr_-5": 1.1940598020070716,
    "best_val_snr_db_measured_snr_-5": 1.1940598020070716,
    "best_val_signal_power_pre_eq_snr_-5": 0.9999999547306495,
    "best_val_noise_power_pre_eq_snr_-5": 3.1622253460220144,
    "best_val_signal_power_post_eq_snr_-5": 0.9999999547306495,
    "best_val_noise_power_post_eq_snr_-5": 0.7596162195447125,
    "best_val_mimo_sigma2_snr_-5": 3.16227745708031,
    "best_val_n_tokens_effective_snr_-5": 32.0,
    "best_val_n_tokens_full_snr_-5": 32.0,
    "best_val_dim_channel_snr_-5": 192.0,
    "best_val_tokens_selected_snr_-5": 31.0,
    "best_val_tokens_sent_snr_-5": 31.0,
    "best_val_tokens_capacity_snr_-5": 31.0,
    "best_val_d_sent_snr_-5": 192.0,
    "best_val_tokens_sent_excl_cls_snr_-5": 31.0,
    "best_val_rate_symbols_multiplier_snr_-5": 1.0,
    "best_val_rate_symbols_snr_-5": 5952.0,
    "best_val_rate_bits_snr_-5": 0.0,
    "best_val_q_symbols_snr_-5": 6144.0,
    "best_val_power_alloc_enabled_snr_0": 1.0,
    "best_val_power_alloc_alpha_snr_0": 1.0,
    "best_val_p_mean_snr_0": 1.0000001192092896,
    "best_val_p_min_snr_0": 0.2428152798822362,
    "best_val_p_max_snr_0": 23.715542539765565,
    "best_val_mode_alloc_enabled_snr_0": 0.0,
    "best_val_mimo_n_tx_snr_0": 1.0,
    "best_val_mimo_T_snr_0": 6144.0,
    "best_val_mimo_L_snr_0": 6144.0,
    "best_val_mimo_L_pad_snr_0": 6144.0,
    "best_val_mimo_pad_symbols_snr_0": 0.0,
    "best_val_mimo_n_rx_snr_0": 1.0,
    "best_val_stream_alloc_enabled_snr_0": 0.0,
    "best_val_stream_alloc_assignment_enabled_snr_0": 0.0,
    "best_val_stream_alloc_power_enabled_snr_0": 0.0,
    "best_val_mimo_mmse_eps_snr_0": 9.999999999999985e-07,
    "best_val_snr_db_target_snr_0": 0.0,
    "best_val_snr_db_measured_pre_eq_snr_0": -0.0003698571777425093,
    "best_val_snr_db_measured_post_eq_snr_0": 3.0097447497935237,
    "best_val_snr_db_measured_snr_0": 3.0097447497935237,
    "best_val_signal_power_pre_eq_snr_0": 0.9999999509582037,
    "best_val_noise_power_pre_eq_snr_0": 1.0000862260408039,
    "best_val_signal_power_post_eq_snr_0": 0.9999999509582037,
    "best_val_noise_power_post_eq_snr_0": 0.5000643379326108,
    "best_val_mimo_sigma2_snr_0": 0.9999999879281732,
    "best_val_n_tokens_effective_snr_0": 32.0,
    "best_val_n_tokens_full_snr_0": 32.0,
    "best_val_dim_channel_snr_0": 192.0,
    "best_val_tokens_selected_snr_0": 31.0,
    "best_val_tokens_sent_snr_0": 31.0,
    "best_val_tokens_capacity_snr_0": 31.0,
    "best_val_d_sent_snr_0": 192.0,
    "best_val_tokens_sent_excl_cls_snr_0": 31.0,
    "best_val_rate_symbols_multiplier_snr_0": 1.0,
    "best_val_rate_symbols_snr_0": 5952.0,
    "best_val_rate_bits_snr_0": 0.0,
    "best_val_q_symbols_snr_0": 6144.0,
    "best_val_power_alloc_enabled_snr_10": 1.0,
    "best_val_power_alloc_alpha_snr_10": 1.0,
    "best_val_p_mean_snr_10": 1.0000001177003113,
    "best_val_p_min_snr_10": 0.20491620308212652,
    "best_val_p_max_snr_10": 24.852514722679235,
    "best_val_mode_alloc_enabled_snr_10": 0.0,
    "best_val_mimo_n_tx_snr_10": 1.0,
    "best_val_mimo_T_snr_10": 6144.0,
    "best_val_mimo_L_snr_10": 6144.0,
    "best_val_mimo_L_pad_snr_10": 6144.0,
    "best_val_mimo_pad_symbols_snr_10": 0.0,
    "best_val_mimo_n_rx_snr_10": 1.0,
    "best_val_stream_alloc_enabled_snr_10": 0.0,
    "best_val_stream_alloc_assignment_enabled_snr_10": 0.0,
    "best_val_stream_alloc_power_enabled_snr_10": 0.0,
    "best_val_mimo_mmse_eps_snr_10": 9.999999999999985e-07,
    "best_val_snr_db_target_snr_10": 10.0,
    "best_val_snr_db_measured_pre_eq_snr_10": 9.999377226527733,
    "best_val_snr_db_measured_post_eq_snr_10": 10.41340288331237,
    "best_val_snr_db_measured_snr_10": 10.41340288331237,
    "best_val_signal_power_pre_eq_snr_10": 0.9999999562396279,
    "best_val_noise_power_pre_eq_snr_10": 0.10001448438137392,
    "best_val_signal_power_post_eq_snr_10": 0.9999999562396279,
    "best_val_noise_power_post_eq_snr_10": 0.0909201968697053,
    "best_val_mimo_sigma2_snr_10": 0.09999999403953552,
    "best_val_n_tokens_effective_snr_10": 32.0,
    "best_val_n_tokens_full_snr_10": 32.0,
    "best_val_dim_channel_snr_10": 192.0,
    "best_val_tokens_selected_snr_10": 31.0,
    "best_val_tokens_sent_snr_10": 31.0,
    "best_val_tokens_capacity_snr_10": 31.0,
    "best_val_d_sent_snr_10": 192.0,
    "best_val_tokens_sent_excl_cls_snr_10": 31.0,
    "best_val_rate_symbols_multiplier_snr_10": 1.0,
    "best_val_rate_symbols_snr_10": 5952.0,
    "best_val_rate_bits_snr_10": 0.0,
    "best_val_q_symbols_snr_10": 6144.0,
    "best_val_power_alloc_enabled_snr_20": 1.0,
    "best_val_power_alloc_alpha_snr_20": 1.0,
    "best_val_p_mean_snr_20": 1.0000001177003113,
    "best_val_p_min_snr_20": 0.2554979124902217,
    "best_val_p_max_snr_20": 23.335063640075393,
    "best_val_mode_alloc_enabled_snr_20": 0.0,
    "best_val_mimo_n_tx_snr_20": 1.0,
    "best_val_mimo_T_snr_20": 6144.0,
    "best_val_mimo_L_snr_20": 6144.0,
    "best_val_mimo_L_pad_snr_20": 6144.0,
    "best_val_mimo_pad_symbols_snr_20": 0.0,
    "best_val_mimo_n_rx_snr_20": 1.0,
    "best_val_stream_alloc_enabled_snr_20": 0.0,
    "best_val_stream_alloc_assignment_enabled_snr_20": 0.0,
    "best_val_stream_alloc_power_enabled_snr_20": 0.0,
    "best_val_mimo_mmse_eps_snr_20": 9.999999999999985e-07,
    "best_val_snr_db_target_snr_20": 20.0,
    "best_val_snr_db_measured_pre_eq_snr_20": 20.000596299956115,
    "best_val_snr_db_measured_post_eq_snr_20": 20.043695884414866,
    "best_val_snr_db_measured_snr_20": 20.043695884414866,
    "best_val_signal_power_pre_eq_snr_20": 0.9999999494492253,
    "best_val_noise_power_pre_eq_snr_20": 0.009998640410979337,
    "best_val_signal_power_post_eq_snr_20": 0.9999999494492253,
    "best_val_noise_power_post_eq_snr_20": 0.009899904326641862,
    "best_val_mimo_sigma2_snr_20": 0.009999999776482582,
    "best_val_n_tokens_effective_snr_20": 32.0,
    "best_val_n_tokens_full_snr_20": 32.0,
    "best_val_dim_channel_snr_20": 192.0,
    "best_val_tokens_selected_snr_20": 31.0,
    "best_val_tokens_sent_snr_20": 31.0,
    "best_val_tokens_capacity_snr_20": 31.0,
    "best_val_d_sent_snr_20": 192.0,
    "best_val_tokens_sent_excl_cls_snr_20": 31.0,
    "best_val_rate_symbols_multiplier_snr_20": 1.0,
    "best_val_rate_symbols_snr_20": 5952.0,
    "best_val_rate_bits_snr_20": 0.0,
    "best_val_q_symbols_snr_20": 6144.0,
    "best_train_power_alloc_enabled": 1.0,
    "best_train_power_alloc_alpha": 1.0,
    "best_train_p_mean": 0.9999999998471676,