{"tau": 1.9938232128991722, "logits_std": 5.074158556033403, "logits_mean": -0.0007007031733550298, "entropy": 0.05193605532569003, "grad_score_head": 0.003660481859346959, "grad_backbone": 0.09868993671754232, "payload_x_norm": 939.1606715275691, "payload_out_norm": 866.5380442301432, "payload_diff_norm": 681.556023602608, "epoch": 1}
{"tau": 1.9569917164065023, "logits_std": 5.357611042413956, "logits_mean": -0.0005751451775162982, "entropy": 0.03036435956421953, "grad_score_head": 0.005015356067302398, "grad_backbone": 0.18126106245013385, "payload_x_norm": 911.1209121312851, "payload_out_norm": 838.2391387156952, "payload_diff_norm": 530.4389074863532, "epoch": 2}
{"tau": 1.8848908095309802, "logits_std": 5.626038008469802, "logits_mean": -0.00036645205363105887, "entropy": 0.02594000226101623, "grad_score_head": 0.004177378938187851, "grad_backbone": 0.18750719825426737, "payload_x_norm": 935.570162494366, "payload_out_norm": 856.8437036758814, "payload_diff_norm": 540.1118659581894, "epoch": 3}
{"tau": 1.7806716478816023, "logits_std": 5.845362580128205, "logits_mean": -0.00013007343489637908, "entropy": 0.02207118851887898, "grad_score_head": 0.003568849552716412, "grad_backbone": 0.18688758441653008, "payload_x_norm": 927.0987102801984, "payload_out_norm": 855.0693137926933, "payload_diff_norm": 528.8486850249461, "epoch": 4}
{"tau": 1.6488891089214692, "logits_std": 6.048034187463614, "logits_mean": -0.0002322560287444876, "entropy": 0.02246087725298145, "grad_score_head": 0.003748197863760885, "grad_backbone": 0.18714372641765153, "payload_x_norm": 938.749610548753, "payload_out_norm": 857.4046764667218, "payload_diff_norm": 548.2609639876928, "epoch": 5}
{"tau": 1.4953027219659205, "logits_std": 6.347364902496338, "logits_mean": -0.00013546041825469648, "entropy": 0.02090718955613482, "grad_score_head": 0.003291771334942239, "grad_backbone": 0.18024060527483624, "payload_x_norm": 917.4274225479518, "payload_out_norm": 832.7398250482021, "payload_diff_norm": 522.7665657434708, "epoch": 6}
{"tau": 1.326624949114166, "logits_std": 6.5436759581932655, "logits_mean": 0.00014976256725509674, "entropy": 0.017972453887490795, "grad_score_head": 0.0024499324529246315, "grad_backbone": 0.1706626221919671, "payload_x_norm": 901.2997370010768, "payload_out_norm": 827.2841909555289, "payload_diff_norm": 494.145831827017, "epoch": 7}
{"tau": 1.1502278184455834, "logits_std": 6.664485272383079, "logits_mean": 0.00013961593947150948, "entropy": 0.016777406415591636, "grad_score_head": 0.0023454136061737255, "grad_backbone": 0.1599722412534249, "payload_x_norm": 913.4940699650691, "payload_out_norm": 838.7178839267829, "payload_diff_norm": 491.55252971160104, "epoch": 8}
{"tau": 0.9738207310177344, "logits_std": 6.77529081931481, "logits_mean": 0.0003574411863108906, "entropy": 0.015845533880070806, "grad_score_head": 0.0020281377086261133, "grad_backbone": 0.15258265716525224, "payload_x_norm": 940.2465610601963, "payload_out_norm": 857.4365403395433, "payload_diff_norm": 494.7926399622208, "epoch": 9}
{"tau": 0.805113523046339, "logits_std": 6.893580019779694, "logits_mean": 0.0004799064348051802, "entropy": 0.015498817589683219, "grad_score_head": 0.0018820012396703627, "grad_backbone": 0.15138331200831975, "payload_x_norm": 927.4399507180239, "payload_out_norm": 849.0637482471955, "payload_diff_norm": 467.13990332774625, "epoch": 10}
{"tau": 0.6514795090667488, "logits_std": 7.002068830147768, "logits_mean": 0.00034802644237434156, "entropy": 0.016853955526872036, "grad_score_head": 0.0014221714332122177, "grad_backbone": 0.14685398922898832, "payload_x_norm": 909.4193696633363, "payload_out_norm": 834.012323858799, "payload_diff_norm": 422.9490198966784, "epoch": 11}
{"tau": 0.5196332327076637, "logits_std": 7.1029893679496565, "logits_mean": 0.00015410973843618428, "entropy": 0.013249294728022784, "grad_score_head": 0.0007324092672556268, "grad_backbone": 0.13265764730481, "payload_x_norm": 916.7247240897937, "payload_out_norm": 899.4804678892478, "payload_diff_norm": 285.1263116983267, "epoch": 12}
{"tau": 0.4153370089146033, "logits_std": 7.1365143824846315, "logits_mean": 0.0003331048490601974, "entropy": 0.015440622487669595, "grad_score_head": 0.0007770569600479459, "grad_backbone": 0.13251525018459712, "payload_x_norm": 921.0361634083283, "payload_out_norm": 903.4539983504858, "payload_diff_norm": 265.2335994329208, "epoch": 13}
{"tau": 0.34314908313613235, "logits_std": 7.155460415131007, "logits_mean": 0.0005080065351928799, "entropy": 0.017438269366557974, "grad_score_head": 0.0008640029486834978, "grad_backbone": 0.13554292124433395, "payload_x_norm": 927.1634731194912, "payload_out_norm": 910.466312897511, "payload_diff_norm": 234.10369075872958, "epoch": 14}
{"tau": 0.3062244141248697, "logits_std": 7.1694358483338965, "logits_mean": 0.0007798031435157053, "entropy": 0.016786920816267436, "grad_score_head": 0.0007392342611515582, "grad_backbone": 0.13365403205538406, "payload_x_norm": 928.6552559094551, "payload_out_norm": 910.5338769374749, "payload_diff_norm": 227.19417023291953, "epoch": 15}
