{"payload_x_norm": 872.8436283991887, "payload_out_norm": 795.5522694123097, "payload_diff_norm": 313.0543346894093, "epoch": 1}
{"payload_x_norm": 872.8436280861879, "payload_out_norm": 809.2798756134815, "payload_diff_norm": 284.00873213547925, "epoch": 2}
{"payload_x_norm": 872.8436280861879, "payload_out_norm": 802.7743409768129, "payload_diff_norm": 300.7089714441544, "epoch": 3}
{"payload_x_norm": 872.8436285556891, "payload_out_norm": 804.1230719150641, "payload_diff_norm": 292.7316539862217, "epoch": 4}
{"payload_x_norm": 872.8436279296875, "payload_out_norm": 797.4845128768529, "payload_diff_norm": 309.36070756178634, "epoch": 5}
{"payload_x_norm": 872.8436277731871, "payload_out_norm": 809.2500095465244, "payload_diff_norm": 286.39146720690604, "epoch": 6}
{"payload_x_norm": 872.8436279296875, "payload_out_norm": 798.0605978941306, "payload_diff_norm": 309.5510480049329, "epoch": 7}
{"payload_x_norm": 872.8436273036859, "payload_out_norm": 806.9022246531952, "payload_diff_norm": 290.7065489940154, "epoch": 8}
{"payload_x_norm": 872.8436282426883, "payload_out_norm": 800.2628186348157, "payload_diff_norm": 305.2943999070388, "epoch": 9}
{"payload_x_norm": 872.8436287121895, "payload_out_norm": 795.2983076046675, "payload_diff_norm": 317.5555669931265, "epoch": 10}
{"payload_x_norm": 872.8436277731871, "payload_out_norm": 800.9176677997295, "payload_diff_norm": 305.2226471142891, "epoch": 11}
{"payload_x_norm": 872.8436282426883, "payload_out_norm": 856.6184715857872, "payload_diff_norm": 165.46790634546525, "epoch": 12}
{"payload_x_norm": 872.8436283991887, "payload_out_norm": 856.2993057642227, "payload_diff_norm": 167.24576701628857, "epoch": 13}
{"payload_x_norm": 872.8436279296875, "payload_out_norm": 856.8890340169271, "payload_diff_norm": 164.4656053591997, "epoch": 14}
{"payload_x_norm": 872.8436280861879, "payload_out_norm": 856.2985495542869, "payload_diff_norm": 168.0276215968988, "epoch": 15}
