{"payload_x_norm": 683.3330078125, "payload_out_norm": 629.0998683049129, "payload_diff_norm": 232.04356403839893, "epoch": 1}
{"payload_x_norm": 683.3330078125, "payload_out_norm": 630.1786747076573, "payload_diff_norm": 229.07176509759364, "epoch": 2}
{"payload_x_norm": 683.3330078125, "payload_out_norm": 628.6094197591145, "payload_diff_norm": 230.92145086435173, "epoch": 3}
{"payload_x_norm": 683.3330078125, "payload_out_norm": 630.4127593211639, "payload_diff_norm": 227.409141990466, "epoch": 4}
{"payload_x_norm": 683.3330078125, "payload_out_norm": 624.7826430883163, "payload_diff_norm": 240.63929662459935, "epoch": 5}
{"payload_x_norm": 683.3330078125, "payload_out_norm": 628.0460974277594, "payload_diff_norm": 233.44208264473158, "epoch": 6}
{"payload_x_norm": 683.3330078125, "payload_out_norm": 622.6525215344551, "payload_diff_norm": 243.5011284070137, "epoch": 7}
{"payload_x_norm": 683.3330078125, "payload_out_norm": 628.3513989570813, "payload_diff_norm": 232.6761838277181, "epoch": 8}
{"payload_x_norm": 683.3330078125, "payload_out_norm": 629.8375151022886, "payload_diff_norm": 230.82845603747245, "epoch": 9}
{"payload_x_norm": 683.3330078125, "payload_out_norm": 631.190727742513, "payload_diff_norm": 225.9675129230206, "epoch": 10}
{"payload_x_norm": 683.3330078125, "payload_out_norm": 627.0893661107773, "payload_diff_norm": 236.5380840203701, "epoch": 11}
{"payload_x_norm": 683.3330078125, "payload_out_norm": 670.5633911132812, "payload_diff_norm": 129.52205522977388, "epoch": 12}
{"payload_x_norm": 683.3330078125, "payload_out_norm": 670.8582657251602, "payload_diff_norm": 127.6726910909017, "epoch": 13}
{"payload_x_norm": 683.3330078125, "payload_out_norm": 670.7909477038261, "payload_diff_norm": 127.99210075965294, "epoch": 14}
{"payload_x_norm": 683.3330078125, "payload_out_norm": 669.9633408766526, "payload_diff_norm": 131.885340040158, "epoch": 15}
