{
    "best_epoch": 10,
    "best_train_accuracy": 0.8107171474358974,
    "best_train_loss": 0.6244269905182032,
    "best_communication_cost": 241962.23999998948,
    "top_imp_frac": 0.0,
    "tokens_sent": 94.0,
    "symbols_sent": 18240.0,
    "symbol_rate": 18048.0,
    "best_val_accuracy": {
        "-5": 0.4819026898734177,
        "0": 0.714003164556962,
        "10": 0.7691851265822784,
        "20": 0.7692840189873418
    },
    "best_val_loss": {
        "-5": 2.0158035166655917,
        "0": 1.0039819426174406,
        "10": 0.7817606333690353,
        "20": 0.7691450466083575
    },
    "best_val_power_alloc_enabled_snr_-5": 1.0,
    "best_val_power_alloc_alpha_snr_-5": 1.0,
    "best_val_p_mean_snr_-5": 0.9999999486947362,
    "best_val_p_min_snr_-5": 0.6127356954767734,
    "best_val_p_max_snr_-5": 5.370916167392006,
    "best_val_mode_alloc_enabled_snr_-5": 0.0,
    "best_val_mimo_n_tx_snr_-5": 1.0,
    "best_val_mimo_T_snr_-5": 18240.0,
    "best_val_mimo_L_snr_-5": 18240.0,
    "best_val_mimo_L_pad_snr_-5": 18240.0,
    "best_val_mimo_pad_symbols_snr_-5": 0.0,
    "best_val_mimo_n_rx_snr_-5": 1.0,
    "best_val_stream_alloc_enabled_snr_-5": 0.0,
    "best_val_stream_alloc_assignment_enabled_snr_-5": 0.0,
    "best_val_stream_alloc_power_enabled_snr_-5": 0.0,
    "best_val_mimo_mmse_eps_snr_-5": 9.999999999999985e-07,
    "best_val_snr_db_target_snr_-5": -5.0,
    "best_val_snr_db_measured_pre_eq_snr_-5": -4.9988133394265475,
    "best_val_snr_db_measured_post_eq_snr_-5": 1.1934085692031473,
    "best_val_snr_db_measured_snr_-5": 1.1934085692031473,
    "best_val_signal_power_pre_eq_snr_-5": 0.999999995473065,
    "best_val_noise_power_pre_eq_snr_-5": 3.161414873750904,
    "best_val_signal_power_post_eq_snr_-5": 0.999999995473065,
    "best_val_noise_power_post_eq_snr_-5": 0.7597299225722687,
    "best_val_mimo_sigma2_snr_-5": 3.1622776985168457,
    "best_val_n_tokens_effective_snr_-5": 95.0,
    "best_val_n_tokens_full_snr_-5": 95.0,
    "best_val_dim_channel_snr_-5": 192.0,
    "best_val_tokens_selected_snr_-5": 94.0,
    "best_val_tokens_sent_snr_-5": 94.0,
    "best_val_tokens_capacity_snr_-5": 94.0,
    "best_val_d_sent_snr_-5": 192.0,
    "best_val_tokens_sent_excl_cls_snr_-5": 94.0,
    "best_val_rate_symbols_multiplier_snr_-5": 1.0,
    "best_val_rate_symbols_snr_-5": 18048.0,
    "best_val_rate_bits_snr_-5": 0.0,
    "best_val_q_symbols_snr_-5": 18240.0,
    "best_val_power_alloc_enabled_snr_0": 1.0,
    "best_val_power_alloc_alpha_snr_0": 1.0,
    "best_val_p_mean_snr_0": 0.9999999486947362,
    "best_val_p_min_snr_0": 0.6127356954767734,
    "best_val_p_max_snr_0": 5.370916167392006,
    "best_val_mode_alloc_enabled_snr_0": 0.0,
    "best_val_mimo_n_tx_snr_0": 1.0,
    "best_val_mimo_T_snr_0": 18240.0,
    "best_val_mimo_L_snr_0": 18240.0,
    "best_val_mimo_L_pad_snr_0": 18240.0,
    "best_val_mimo_pad_symbols_snr_0": 0.0,
    "best_val_mimo_n_rx_snr_0": 1.0,
    "best_val_stream_alloc_enabled_snr_0": 0.0,
    "best_val_stream_alloc_assignment_enabled_snr_0": 0.0,
    "best_val_stream_alloc_power_enabled_snr_0": 0.0,
    "best_val_mimo_mmse_eps_snr_0": 9.999999999999985e-07,
    "best_val_snr_db_target_snr_0": 0.0,
    "best_val_snr_db_measured_pre_eq_snr_0": 0.00032253714134985556,
    "best_val_snr_db_measured_post_eq_snr_0": 3.010137316546863,
    "best_val_snr_db_measured_snr_0": 3.010137316546863,
    "best_val_signal_power_pre_eq_snr_0": 0.999999995473065,
    "best_val_noise_power_pre_eq_snr_0": 0.999926252455651,
    "best_val_signal_power_post_eq_snr_0": 0.999999995473065,
    "best_val_noise_power_post_eq_snr_0": 0.5000189142891124,
    "best_val_mimo_sigma2_snr_0": 1.0,
    "best_val_n_tokens_effective_snr_0": 95.0,
    "best_val_n_tokens_full_snr_0": 95.0,
    "best_val_dim_channel_snr_0": 192.0,
    "best_val_tokens_selected_snr_0": 94.0,
    "best_val_tokens_sent_snr_0": 94.0,
    "best_val_tokens_capacity_snr_0": 94.0,
    "best_val_d_sent_snr_0": 192.0,
    "best_val_tokens_sent_excl_cls_snr_0": 94.0,
    "best_val_rate_symbols_multiplier_snr_0": 1.0,
    "best_val_rate_symbols_snr_0": 18048.0,
    "best_val_rate_bits_snr_0": 0.0,
    "best_val_q_symbols_snr_0": 18240.0,
    "best_val_power_alloc_enabled_snr_10": 1.0,
    "best_val_power_alloc_alpha_snr_10": 1.0,
    "best_val_p_mean_snr_10": 0.9999999486947362,
    "best_val_p_min_snr_10": 0.6127356954767734,
    "best_val_p_max_snr_10": 5.370916167392006,
    "best_val_mode_alloc_enabled_snr_10": 0.0,
    "best_val_mimo_n_tx_snr_10": 1.0,
    "best_val_mimo_T_snr_10": 18240.0,
    "best_val_mimo_L_snr_10": 18240.0,
    "best_val_mimo_L_pad_snr_10": 18240.0,
    "best_val_mimo_pad_symbols_snr_10": 0.0,
    "best_val_mimo_n_rx_snr_10": 1.0,
    "best_val_stream_alloc_enabled_snr_10": 0.0,
    "best_val_stream_alloc_assignment_enabled_snr_10": 0.0,
    "best_val_stream_alloc_power_enabled_snr_10": 0.0,
    "best_val_mimo_mmse_eps_snr_10": 9.999999999999985e-07,
    "best_val_snr_db_target_snr_10": 10.0,
    "best_val_snr_db_measured_pre_eq_snr_10": 10.000139598605,
    "best_val_snr_db_measured_post_eq_snr_10": 10.41396167610265,
    "best_val_snr_db_measured_snr_10": 10.41396167610265,
    "best_val_signal_power_pre_eq_snr_10": 0.999999995473065,
    "best_val_noise_power_pre_eq_snr_10": 0.09999683320145064,
    "best_val_signal_power_post_eq_snr_10": 0.999999995473065,
    "best_val_noise_power_post_eq_snr_10": 0.09090840109164201,
    "best_val_mimo_sigma2_snr_10": 0.0999999960200696,
    "best_val_n_tokens_effective_snr_10": 95.0,
    "best_val_n_tokens_full_snr_10": 95.0,
    "best_val_dim_channel_snr_10": 192.0,
    "best_val_tokens_selected_snr_10": 94.0,
    "best_val_tokens_sent_snr_10": 94.0,
    "best_val_tokens_capacity_snr_10": 94.0,
    "best_val_d_sent_snr_10": 192.0,
    "best_val_tokens_sent_excl_cls_snr_10": 94.0,
    "best_val_rate_symbols_multiplier_snr_10": 1.0,
    "best_val_rate_symbols_snr_10": 18048.0,
    "best_val_rate_bits_snr_10": 0.0,
    "best_val_q_symbols_snr_10": 18240.0,
    "best_val_power_alloc_enabled_snr_20": 1.0,
    "best_val_power_alloc_alpha_snr_20": 1.0,
    "best_val_p_mean_snr_20": 0.9999999486947362,
    "best_val_p_min_snr_20": 0.6127356954767734,
    "best_val_p_max_snr_20": 5.370916167392006,
    "best_val_mode_alloc_enabled_snr_20": 0.0,
    "best_val_mimo_n_tx_snr_20": 1.0,
    "best_val_mimo_T_snr_20": 18240.0,
    "best_val_mimo_L_snr_20": 18240.0,
    "best_val_mimo_L_pad_snr_20": 18240.0,
    "best_val_mimo_pad_symbols_snr_20": 0.0,
    "best_val_mimo_n_rx_snr_20": 1.0,
    "best_val_stream_alloc_enabled_snr_20": 0.0,
    "best_val_stream_alloc_assignment_enabled_snr_20": 0.0,
    "best_val_stream_alloc_power_enabled_snr_20": 0.0,
    "best_val_mimo_mmse_eps_snr_20": 9.999999999999985e-07,
    "best_val_snr_db_target_snr_20": 20.0,
    "best_val_snr_db_measured_pre_eq_snr_20": 19.999700980850413,
    "best_val_snr_db_measured_post_eq_snr_20": 20.042996684207193,
    "best_val_snr_db_measured_snr_20": 20.042996684207193,
    "best_val_signal_power_pre_eq_snr_20": 0.999999995473065,
    "best_val_noise_power_pre_eq_snr_20": 0.010000693847578538,
    "best_val_signal_power_post_eq_snr_20": 0.999999995473065,
    "best_val_noise_power_post_eq_snr_20": 0.009901489873852911,
    "best_val_mimo_sigma2_snr_20": 0.009999999776482582,
    "best_val_n_tokens_effective_snr_20": 95.0,
    "best_val_n_tokens_full_snr_20": 95.0,
    "best_val_dim_channel_snr_20": 192.0,
    "best_val_tokens_selected_snr_20": 94.0,
    "best_val_tokens_sent_snr_20": 94.0,
    "best_val_tokens_capacity_snr_20": 94.0,
    "best_val_d_sent_snr_20": 192.0,
    "best_val_tokens_sent_excl_cls_snr_20": 94.0,
    "best_val_rate_symbols_multiplier_snr_20": 1.0,
    "best_val_rate_symbols_snr_20": 18048.0,
    "best_val_rate_bits_snr_20": 0.0,
    "best_val_q_symbols_snr_20": 18240.0,
    "best_train_power_alloc_enabled": 1.0,
    "best_train_power_alloc_alpha": 1.0,
    "best_train_p_mean": 0.9999999478841439,