{"payload_x_norm": 1527.97900390625, "payload_out_norm": 1403.730246832432, "payload_diff_norm": 559.7342103224535, "epoch": 1}
{"payload_x_norm": 1527.97900390625, "payload_out_norm": 1402.9258939302886, "payload_diff_norm": 571.9739002325596, "epoch": 2}
{"payload_x_norm": 1527.97900390625, "payload_out_norm": 1414.4255821814904, "payload_diff_norm": 551.839710568159, "epoch": 3}
{"payload_x_norm": 1527.97900390625, "payload_out_norm": 1401.0865750826322, "payload_diff_norm": 574.5744615994967, "epoch": 4}
{"payload_x_norm": 1527.97900390625, "payload_out_norm": 1402.378862429888, "payload_diff_norm": 574.0154462765424, "epoch": 5}
{"payload_x_norm": 1527.97900390625, "payload_out_norm": 1395.7147983648838, "payload_diff_norm": 593.3269506209936, "epoch": 6}
{"payload_x_norm": 1527.97900390625, "payload_out_norm": 1408.1491379957934, "payload_diff_norm": 576.0470048170823, "epoch": 7}
{"payload_x_norm": 1527.97900390625, "payload_out_norm": 1408.4561294946916, "payload_diff_norm": 567.5990246895032, "epoch": 8}
{"payload_x_norm": 1527.97900390625, "payload_out_norm": 1398.2177305563903, "payload_diff_norm": 589.9781412760417, "epoch": 9}
{"payload_x_norm": 1527.97900390625, "payload_out_norm": 1402.164508213141, "payload_diff_norm": 593.3104868570964, "epoch": 10}
{"payload_x_norm": 1527.97900390625, "payload_out_norm": 1400.0690692608173, "payload_diff_norm": 597.3024982158954, "epoch": 11}
{"payload_x_norm": 1527.97900390625, "payload_out_norm": 1499.2493182842547, "payload_diff_norm": 376.00907811874, "epoch": 12}
{"payload_x_norm": 1527.97900390625, "payload_out_norm": 1500.7980111929087, "payload_diff_norm": 359.5810300386869, "epoch": 13}
{"payload_x_norm": 1527.97900390625, "payload_out_norm": 1497.4469723432492, "payload_diff_norm": 373.59448782113884, "epoch": 14}
{"payload_x_norm": 1527.97900390625, "payload_out_norm": 1498.6547156700722, "payload_diff_norm": 384.3606008676382, "epoch": 15}
