{
    "best_epoch": 15,
    "best_train_accuracy": 0.7237580128205128,
    "best_train_loss": 0.9503550673142458,
    "best_communication_cost": 118460.15999999201,
    "top_imp_frac": 0.0,
    "tokens_sent": 31.0,
    "symbols_sent": 6144.0,
    "symbol_rate": 5952.0,
    "best_val_accuracy": {
        "-5": 0.44907041139240506,
        "0": 0.6484375,
        "10": 0.7176621835443038,
        "20": 0.7293314873417721
    },
    "best_val_loss": {
        "-5": 2.1360201262220553,
        "0": 1.2191372272334522,
        "10": 0.9585189328917975,
        "20": 0.9251691797111607
    },
    "best_val_power_alloc_enabled_snr_-5": 1.0,
    "best_val_power_alloc_alpha_snr_-5": 1.0,
    "best_val_p_mean_snr_-5": 1.0000000015089783,
    "best_val_p_min_snr_-5": 0.058776592906517315,
    "best_val_p_max_snr_-5": 9.416404355930377,
    "best_val_mode_alloc_enabled_snr_-5": 0.0,
    "best_val_mimo_n_tx_snr_-5": 1.0,
    "best_val_mimo_T_snr_-5": 6144.0,
    "best_val_mimo_L_snr_-5": 6144.0,
    "best_val_mimo_L_pad_snr_-5": 6144.0,
    "best_val_mimo_pad_symbols_snr_-5": 0.0,
    "best_val_mimo_n_rx_snr_-5": 1.0,
    "best_val_stream_alloc_enabled_snr_-5": 0.0,
    "best_val_stream_alloc_assignment_enabled_snr_-5": 0.0,
    "best_val_stream_alloc_power_enabled_snr_-5": 0.0,
    "best_val_mimo_mmse_eps_snr_-5": 9.999999999999985e-07,
    "best_val_snr_db_target_snr_-5": -5.0,
    "best_val_snr_db_measured_pre_eq_snr_-5": -4.999046748197531,
    "best_val_snr_db_measured_post_eq_snr_-5": 1.1926684213590018,
    "best_val_snr_db_measured_snr_-5": 1.1926684213590018,
    "best_val_signal_power_pre_eq_snr_-5": 0.9999999879281732,
    "best_val_noise_power_pre_eq_snr_-5": 3.1615883428839187,
    "best_val_signal_power_post_eq_snr_-5": 0.9999999879281732,
    "best_val_noise_power_post_eq_snr_-5": 0.7598597905303859,
    "best_val_mimo_sigma2_snr_-5": 3.1622776894629756,
    "best_val_n_tokens_effective_snr_-5": 32.0,
    "best_val_n_tokens_full_snr_-5": 32.0,
    "best_val_dim_channel_snr_-5": 192.0,
    "best_val_tokens_selected_snr_-5": 31.0,
    "best_val_tokens_sent_snr_-5": 31.0,
    "best_val_tokens_capacity_snr_-5": 31.0,
    "best_val_d_sent_snr_-5": 192.0,
    "best_val_tokens_sent_excl_cls_snr_-5": 31.0,
    "best_val_rate_symbols_multiplier_snr_-5": 1.0,
    "best_val_rate_symbols_snr_-5": 5952.0,
    "best_val_rate_bits_snr_-5": 0.0,
    "best_val_q_symbols_snr_-5": 6144.0,
    "best_val_power_alloc_enabled_snr_0": 1.0,
    "best_val_power_alloc_alpha_snr_0": 1.0,
    "best_val_p_mean_snr_0": 1.0,
    "best_val_p_min_snr_0": 0.0595023508973514,
    "best_val_p_max_snr_0": 9.012456374832347,
    "best_val_mode_alloc_enabled_snr_0": 0.0,
    "best_val_mimo_n_tx_snr_0": 1.0,
    "best_val_mimo_T_snr_0": 6144.0,
    "best_val_mimo_L_snr_0": 6144.0,
    "best_val_mimo_L_pad_snr_0": 6144.0,
    "best_val_mimo_pad_symbols_snr_0": 0.0,
    "best_val_mimo_n_rx_snr_0": 1.0,
    "best_val_stream_alloc_enabled_snr_0": 0.0,
    "best_val_stream_alloc_assignment_enabled_snr_0": 0.0,
    "best_val_stream_alloc_power_enabled_snr_0": 0.0,
    "best_val_mimo_mmse_eps_snr_0": 9.999999999999985e-07,
    "best_val_snr_db_target_snr_0": 0.0,
    "best_val_snr_db_measured_pre_eq_snr_0": 0.00044253510511421326,
    "best_val_snr_db_measured_post_eq_snr_0": 3.0104466721981384,
    "best_val_snr_db_measured_snr_0": 3.0104466721981384,
    "best_val_signal_power_pre_eq_snr_0": 0.9999999788743031,
    "best_val_noise_power_pre_eq_snr_0": 0.9998993949045109,
    "best_val_signal_power_post_eq_snr_0": 0.9999999788743031,
    "best_val_noise_power_post_eq_snr_0": 0.4999835400641719,
    "best_val_mimo_sigma2_snr_0": 1.0,
    "best_val_n_tokens_effective_snr_0": 32.0,
    "best_val_n_tokens_full_snr_0": 32.0,
    "best_val_dim_channel_snr_0": 192.0,
    "best_val_tokens_selected_snr_0": 31.0,
    "best_val_tokens_sent_snr_0": 31.0,
    "best_val_tokens_capacity_snr_0": 31.0,
    "best_val_d_sent_snr_0": 192.0,
    "best_val_tokens_sent_excl_cls_snr_0": 31.0,
    "best_val_rate_symbols_multiplier_snr_0": 1.0,
    "best_val_rate_symbols_snr_0": 5952.0,
    "best_val_rate_bits_snr_0": 0.0,
    "best_val_q_symbols_snr_0": 6144.0,
    "best_val_power_alloc_enabled_snr_10": 1.0,
    "best_val_power_alloc_alpha_snr_10": 1.0,
    "best_val_p_mean_snr_10": 1.0,
    "best_val_p_min_snr_10": 0.05790097096675559,
    "best_val_p_max_snr_10": 9.212728228750109,
    "best_val_mode_alloc_enabled_snr_10": 0.0,
    "best_val_mimo_n_tx_snr_10": 1.0,
    "best_val_mimo_T_snr_10": 6144.0,
    "best_val_mimo_L_snr_10": 6144.0,
    "best_val_mimo_L_pad_snr_10": 6144.0,
    "best_val_mimo_pad_symbols_snr_10": 0.0,
    "best_val_mimo_n_rx_snr_10": 1.0,
    "best_val_stream_alloc_enabled_snr_10": 0.0,
    "best_val_stream_alloc_assignment_enabled_snr_10": 0.0,
    "best_val_stream_alloc_power_enabled_snr_10": 0.0,
    "best_val_mimo_mmse_eps_snr_10": 9.999999999999985e-07,
    "best_val_snr_db_target_snr_10": 10.0,
    "best_val_snr_db_measured_pre_eq_snr_10": 10.000428887862194,
    "best_val_snr_db_measured_post_eq_snr_10": 10.414281277716915,
    "best_val_snr_db_measured_snr_10": 10.414281277716915,
    "best_val_signal_power_pre_eq_snr_10": 0.9999999856647057,
    "best_val_noise_power_pre_eq_snr_10": 0.09999026641061035,
    "best_val_signal_power_post_eq_snr_10": 0.9999999856647057,
    "best_val_noise_power_post_eq_snr_10": 0.09090179384131974,
    "best_val_mimo_sigma2_snr_10": 0.09999999403953552,
    "best_val_n_tokens_effective_snr_10": 32.0,
    "best_val_n_tokens_full_snr_10": 32.0,
    "best_val_dim_channel_snr_10": 192.0,
    "best_val_tokens_selected_snr_10": 31.0,
    "best_val_tokens_sent_snr_10": 31.0,
    "best_val_tokens_capacity_snr_10": 31.0,
    "best_val_d_sent_snr_10": 192.0,
    "best_val_tokens_sent_excl_cls_snr_10": 31.0,
    "best_val_rate_symbols_multiplier_snr_10": 1.0,
    "best_val_rate_symbols_snr_10": 5952.0,
    "best_val_rate_bits_snr_10": 0.0,
    "best_val_q_symbols_snr_10": 6144.0,
    "best_val_power_alloc_enabled_snr_20": 1.0,
    "best_val_power_alloc_alpha_snr_20": 1.0,
    "best_val_p_mean_snr_20": 1.0,
    "best_val_p_min_snr_20": 0.058422648501169835,
    "best_val_p_max_snr_20": 9.42916887017745,
    "best_val_mode_alloc_enabled_snr_20": 0.0,
    "best_val_mimo_n_tx_snr_20": 1.0,
    "best_val_mimo_T_snr_20": 6144.0,
    "best_val_mimo_L_snr_20": 6144.0,
    "best_val_mimo_L_pad_snr_20": 6144.0,
    "best_val_mimo_pad_symbols_snr_20": 0.0,
    "best_val_mimo_n_rx_snr_20": 1.0,
    "best_val_stream_alloc_enabled_snr_20": 0.0,
    "best_val_stream_alloc_assignment_enabled_snr_20": 0.0,
    "best_val_stream_alloc_power_enabled_snr_20": 0.0,
    "best_val_mimo_mmse_eps_snr_20": 9.999999999999985e-07,
    "best_val_snr_db_target_snr_20": 20.0,
    "best_val_snr_db_measured_pre_eq_snr_20": 19.99852260155014,
    "best_val_snr_db_measured_post_eq_snr_20": 20.041575443895557,
    "best_val_snr_db_measured_snr_20": 20.041575443895557,
    "best_val_signal_power_pre_eq_snr_20": 0.9999999894371515,
    "best_val_noise_power_pre_eq_snr_20": 0.010003418732387356,
    "best_val_signal_power_post_eq_snr_20": 0.9999999894371515,
    "best_val_noise_power_post_eq_snr_20": 0.009904741050227534,
    "best_val_mimo_sigma2_snr_20": 0.009999999776482582,
    "best_val_n_tokens_effective_snr_20": 32.0,
    "best_val_n_tokens_full_snr_20": 32.0,
    "best_val_dim_channel_snr_20": 192.0,
    "best_val_tokens_selected_snr_20": 31.0,
    "best_val_tokens_sent_snr_20": 31.0,
    "best_val_tokens_capacity_snr_20": 31.0,
    "best_val_d_sent_snr_20": 192.0,
    "best_val_tokens_sent_excl_cls_snr_20": 31.0,
    "best_val_rate_symbols_multiplier_snr_20": 1.0,
    "best_val_rate_symbols_snr_20": 5952.0,
    "best_val_rate_bits_snr_20": 0.0,
    "best_val_q_symbols_snr_20": 6144.0,
    "best_train_power_alloc_enabled": 1.0,
    "best_train_power_alloc_alpha": 1.0,
    "best_train_p_mean": 1.0000000003056648,
    "best_train_p_min": 0.059078597793212305,