{"payload_x_norm": 1244.30224609375, "payload_out_norm": 1141.8708408453526, "payload_diff_norm": 440.6759751539964, "epoch": 1}
{"payload_x_norm": 1244.30224609375, "payload_out_norm": 1143.5278630183293, "payload_diff_norm": 444.1323003133138, "epoch": 2}
{"payload_x_norm": 1244.30224609375, "payload_out_norm": 1140.2635931552984, "payload_diff_norm": 450.68609349177433, "epoch": 3}
{"payload_x_norm": 1244.30224609375, "payload_out_norm": 1132.885127297426, "payload_diff_norm": 467.58531545003257, "epoch": 4}
{"payload_x_norm": 1244.30224609375, "payload_out_norm": 1145.2827356583032, "payload_diff_norm": 442.08544385861126, "epoch": 5}
{"payload_x_norm": 1244.30224609375, "payload_out_norm": 1143.4942921173879, "payload_diff_norm": 445.1459366627229, "epoch": 6}
{"payload_x_norm": 1244.30224609375, "payload_out_norm": 1147.8825791579027, "payload_diff_norm": 440.86595740685095, "epoch": 7}
{"payload_x_norm": 1244.30224609375, "payload_out_norm": 1142.670294502454, "payload_diff_norm": 469.15984324919873, "epoch": 8}
{"payload_x_norm": 1244.30224609375, "payload_out_norm": 1137.2838416466345, "payload_diff_norm": 469.1284655057467, "epoch": 9}
{"payload_x_norm": 1244.30224609375, "payload_out_norm": 1142.7293422601163, "payload_diff_norm": 453.1724089402419, "epoch": 10}
{"payload_x_norm": 1244.30224609375, "payload_out_norm": 1145.988174203726, "payload_diff_norm": 456.18768283159307, "epoch": 11}
{"payload_x_norm": 1244.30224609375, "payload_out_norm": 1220.8743333082932, "payload_diff_norm": 291.13250536796374, "epoch": 12}
{"payload_x_norm": 1244.30224609375, "payload_out_norm": 1219.5089511969152, "payload_diff_norm": 291.17557952098355, "epoch": 13}
{"payload_x_norm": 1244.3022464067508, "payload_out_norm": 1220.8937108748999, "payload_diff_norm": 293.7070289416191, "epoch": 14}
{"payload_x_norm": 1244.3022464067508, "payload_out_norm": 1221.31378518129, "payload_diff_norm": 286.3631126208183, "epoch": 15}
