{
    "best_epoch": 11,
    "best_train_accuracy": 0.7344951923076923,
    "best_train_loss": 0.9614982606508793,
    "best_communication_cost": 131678.9759999859,
    "top_imp_frac": 0.0,
    "tokens_sent": 47.0,
    "symbols_sent": 9216.0,
    "symbol_rate": 9024.0,
    "best_val_accuracy": {
        "-5": 0.4438291139240506,
        "0": 0.6752373417721519,
        "10": 0.7419897151898734,
        "20": 0.7376384493670886
    },
    "best_val_loss": {
        "-5": 2.193980241123634,
        "0": 1.134227480314955,
        "10": 0.8883849993536744,
        "20": 0.8858977080900458
    },
    "best_val_power_alloc_enabled_snr_-5": 1.0,
    "best_val_power_alloc_alpha_snr_-5": 1.0,
    "best_val_p_mean_snr_-5": 0.9999999502037145,
    "best_val_p_min_snr_-5": 0.8055367333979546,
    "best_val_p_max_snr_-5": 1.1968499557881416,
    "best_val_mode_alloc_enabled_snr_-5": 0.0,
    "best_val_mimo_n_tx_snr_-5": 1.0,
    "best_val_mimo_T_snr_-5": 9216.0,
    "best_val_mimo_L_snr_-5": 9216.0,
    "best_val_mimo_L_pad_snr_-5": 9216.0,
    "best_val_mimo_pad_symbols_snr_-5": 0.0,
    "best_val_mimo_n_rx_snr_-5": 1.0,
    "best_val_stream_alloc_enabled_snr_-5": 0.0,
    "best_val_stream_alloc_assignment_enabled_snr_-5": 0.0,
    "best_val_stream_alloc_power_enabled_snr_-5": 0.0,
    "best_val_mimo_mmse_eps_snr_-5": 9.999999999999985e-07,
    "best_val_snr_db_target_snr_-5": -5.0,
    "best_val_snr_db_measured_pre_eq_snr_-5": -5.000278623798225,
    "best_val_snr_db_measured_post_eq_snr_-5": 1.1931871145586423,
    "best_val_snr_db_measured_snr_-5": 1.1931871145586423,
    "best_val_signal_power_pre_eq_snr_-5": 0.9999999683114547,
    "best_val_noise_power_pre_eq_snr_-5": 3.16248308857785,
    "best_val_signal_power_post_eq_snr_-5": 0.9999999683114547,
    "best_val_noise_power_post_eq_snr_-5": 0.7597687825371947,
    "best_val_mimo_sigma2_snr_-5": 3.162277568744708,
    "best_val_n_tokens_effective_snr_-5": 48.0,
    "best_val_n_tokens_full_snr_-5": 48.0,
    "best_val_dim_channel_snr_-5": 192.0,
    "best_val_tokens_selected_snr_-5": 47.0,
    "best_val_tokens_sent_snr_-5": 47.0,
    "best_val_tokens_capacity_snr_-5": 47.0,
    "best_val_d_sent_snr_-5": 192.0,
    "best_val_tokens_sent_excl_cls_snr_-5": 47.0,
    "best_val_rate_symbols_multiplier_snr_-5": 1.0,
    "best_val_rate_symbols_snr_-5": 9024.0,
    "best_val_rate_bits_snr_-5": 0.0,
    "best_val_q_symbols_snr_-5": 9216.0,
    "best_val_power_alloc_enabled_snr_0": 1.0,
    "best_val_power_alloc_alpha_snr_0": 1.0,
    "best_val_p_mean_snr_0": 0.9999999486947362,
    "best_val_p_min_snr_0": 0.8027384522594984,
    "best_val_p_max_snr_0": 1.1942213381393045,
    "best_val_mode_alloc_enabled_snr_0": 0.0,
    "best_val_mimo_n_tx_snr_0": 1.0,
    "best_val_mimo_T_snr_0": 9216.0,
    "best_val_mimo_L_snr_0": 9216.0,
    "best_val_mimo_L_pad_snr_0": 9216.0,
    "best_val_mimo_pad_symbols_snr_0": 0.0,
    "best_val_mimo_n_rx_snr_0": 1.0,
    "best_val_stream_alloc_enabled_snr_0": 0.0,
    "best_val_stream_alloc_assignment_enabled_snr_0": 0.0,
    "best_val_stream_alloc_power_enabled_snr_0": 0.0,
    "best_val_mimo_mmse_eps_snr_0": 9.999999999999985e-07,
    "best_val_snr_db_target_snr_0": 0.0,
    "best_val_snr_db_measured_pre_eq_snr_0": -0.0009652695713802005,
    "best_val_snr_db_measured_post_eq_snr_0": 3.0102990850617615,
    "best_val_snr_db_measured_snr_0": 3.0102990850617615,
    "best_val_signal_power_pre_eq_snr_0": 0.9999999509582037,
    "best_val_noise_power_pre_eq_snr_0": 1.0002232344844673,
    "best_val_signal_power_post_eq_snr_0": 0.9999999509582037,
    "best_val_noise_power_post_eq_snr_0": 0.5000004915496971,
    "best_val_mimo_sigma2_snr_0": 0.9999999388863768,
    "best_val_n_tokens_effective_snr_0": 48.0,
    "best_val_n_tokens_full_snr_0": 48.0,
    "best_val_dim_channel_snr_0": 192.0,
    "best_val_tokens_selected_snr_0": 47.0,
    "best_val_tokens_sent_snr_0": 47.0,
    "best_val_tokens_capacity_snr_0": 47.0,
    "best_val_d_sent_snr_0": 192.0,
    "best_val_tokens_sent_excl_cls_snr_0": 47.0,
    "best_val_rate_symbols_multiplier_snr_0": 1.0,
    "best_val_rate_symbols_snr_0": 9024.0,
    "best_val_rate_bits_snr_0": 0.0,
    "best_val_q_symbols_snr_0": 9216.0,
    "best_val_power_alloc_enabled_snr_10": 1.0,
    "best_val_power_alloc_alpha_snr_10": 1.0,
    "best_val_p_mean_snr_10": 0.9999999502037145,
    "best_val_p_min_snr_10": 0.803355651565745,
    "best_val_p_max_snr_10": 1.192919853367383,
    "best_val_mode_alloc_enabled_snr_10": 0.0,
    "best_val_mimo_n_tx_snr_10": 1.0,
    "best_val_mimo_T_snr_10": 9216.0,
    "best_val_mimo_L_snr_10": 9216.0,
    "best_val_mimo_L_pad_snr_10": 9216.0,
    "best_val_mimo_pad_symbols_snr_10": 0.0,
    "best_val_mimo_n_rx_snr_10": 1.0,
    "best_val_stream_alloc_enabled_snr_10": 0.0,
    "best_val_stream_alloc_assignment_enabled_snr_10": 0.0,
    "best_val_stream_alloc_power_enabled_snr_10": 0.0,
    "best_val_mimo_mmse_eps_snr_10": 9.999999999999985e-07,
    "best_val_snr_db_target_snr_10": 10.0,
    "best_val_snr_db_measured_pre_eq_snr_10": 9.99966390827034,
    "best_val_snr_db_measured_post_eq_snr_10": 10.413735691505142,
    "best_val_snr_db_measured_snr_10": 10.413735691505142,
    "best_val_signal_power_pre_eq_snr_10": 0.999999965293498,
    "best_val_noise_power_pre_eq_snr_10": 0.10000785411913184,
    "best_val_signal_power_post_eq_snr_10": 0.999999965293498,
    "best_val_noise_power_post_eq_snr_10": 0.09091320143470281,
    "best_val_mimo_sigma2_snr_10": 0.09999999403953552,
    "best_val_n_tokens_effective_snr_10": 48.0,
    "best_val_n_tokens_full_snr_10": 48.0,
    "best_val_dim_channel_snr_10": 192.0,
    "best_val_tokens_selected_snr_10": 47.0,
    "best_val_tokens_sent_snr_10": 47.0,
    "best_val_tokens_capacity_snr_10": 47.0,
    "best_val_d_sent_snr_10": 192.0,
    "best_val_tokens_sent_excl_cls_snr_10": 47.0,
    "best_val_rate_symbols_multiplier_snr_10": 1.0,
    "best_val_rate_symbols_snr_10": 9024.0,
    "best_val_rate_bits_snr_10": 0.0,
    "best_val_q_symbols_snr_10": 9216.0,
    "best_val_power_alloc_enabled_snr_20": 1.0,
    "best_val_power_alloc_alpha_snr_20": 1.0,
    "best_val_p_mean_snr_20": 0.9999999494492253,
    "best_val_p_min_snr_20": 0.8026396752912787,
    "best_val_p_max_snr_20": 1.1957844842838337,
    "best_val_mode_alloc_enabled_snr_20": 0.0,
    "best_val_mimo_n_tx_snr_20": 1.0,
    "best_val_mimo_T_snr_20": 9216.0,
    "best_val_mimo_L_snr_20": 9216.0,
    "best_val_mimo_L_pad_snr_20": 9216.0,
    "best_val_mimo_pad_symbols_snr_20": 0.0,
    "best_val_mimo_n_rx_snr_20": 1.0,
    "best_val_stream_alloc_enabled_snr_20": 0.0,
    "best_val_stream_alloc_assignment_enabled_snr_20": 0.0,
    "best_val_stream_alloc_power_enabled_snr_20": 0.0,
    "best_val_mimo_mmse_eps_snr_20": 9.999999999999985e-07,
    "best_val_snr_db_target_snr_20": 20.0,
    "best_val_snr_db_measured_pre_eq_snr_20": 19.999967888940738,
    "best_val_snr_db_measured_post_eq_snr_20": 20.043168925031832,
    "best_val_snr_db_measured_snr_20": 20.043168925031832,
    "best_val_signal_power_pre_eq_snr_20": 0.9999999539761604,
    "best_val_noise_power_pre_eq_snr_20": 0.01000008469188138,
    "best_val_signal_power_post_eq_snr_20": 0.9999999539761604,
    "best_val_noise_power_post_eq_snr_20": 0.009901102868062032,
    "best_val_mimo_sigma2_snr_20": 0.00999999976469369,
    "best_val_n_tokens_effective_snr_20": 48.0,
    "best_val_n_tokens_full_snr_20": 48.0,
    "best_val_dim_channel_snr_20": 192.0,
    "best_val_tokens_selected_snr_20": 47.0,
    "best_val_tokens_sent_snr_20": 47.0,
    "best_val_tokens_capacity_snr_20": 47.0,
    "best_val_d_sent_snr_20": 192.0,
    "best_val_tokens_sent_excl_cls_snr_20": 47.0,
    "best_val_rate_symbols_multiplier_snr_20": 1.0,
    "best_val_rate_symbols_snr_20": 9024.0,
    "best_val_rate_bits_snr_20": 0.0,
    "best_val_q_symbols_snr_20": 9216.0,
    "best_train_power_alloc_enabled": 1.0,
    "best_train_power_alloc_alpha": 1.0,
    "best_train_p_mean": 0.9999999935810383,