{
    "best_epoch": 15,
    "best_train_accuracy": 0.7272035256410256,
    "best_train_loss": 0.9286105585403931,
    "best_communication_cost": 748800,
    "top_imp_frac": 0.0,
    "tokens_sent": 196.0,
    "symbols_sent": 25216.0,
    "symbol_rate": 25088.0,
    "best_val_accuracy": {
        "-5": 0.4560917721518987,
        "0": 0.6338014240506329,
        "10": 0.6797863924050633,
        "20": 0.6829509493670886
    },
    "best_val_loss": {
        "-5": 2.0624873758871343,
        "0": 1.2903879307493378,
        "10": 1.1226530029803892,
        "20": 1.1079309454447106
    },
    "best_val_power_alloc_enabled_snr_-5": 1.0,
    "best_val_power_alloc_alpha_snr_-5": 1.0,
    "best_val_p_mean_snr_-5": 1.0000000015089783,
    "best_val_p_min_snr_-5": 1.0000001192092896,
    "best_val_p_max_snr_-5": 1.0000001192092896,
    "best_val_mode_alloc_enabled_snr_-5": 0.0,
    "best_val_mimo_n_tx_snr_-5": 1.0,
    "best_val_mimo_T_snr_-5": 25216.0,
    "best_val_mimo_L_snr_-5": 25216.0,
    "best_val_mimo_L_pad_snr_-5": 25216.0,
    "best_val_mimo_pad_symbols_snr_-5": 0.0,
    "best_val_mimo_n_rx_snr_-5": 1.0,
    "best_val_stream_alloc_enabled_snr_-5": 0.0,
    "best_val_stream_alloc_assignment_enabled_snr_-5": 0.0,
    "best_val_stream_alloc_power_enabled_snr_-5": 0.0,
    "best_val_mimo_mmse_eps_snr_-5": 9.999999999999985e-07,
    "best_val_snr_db_target_snr_-5": -5.0,
    "best_val_snr_db_measured_pre_eq_snr_-5": -5.000070034703122,
    "best_val_snr_db_measured_post_eq_snr_-5": 1.1931443138967586,
    "best_val_snr_db_measured_snr_-5": 1.1931443138967586,
    "best_val_signal_power_pre_eq_snr_-5": 0.9999999984910216,
    "best_val_noise_power_pre_eq_snr_-5": 3.162329872952232,
    "best_val_signal_power_post_eq_snr_-5": 0.9999999984910216,
    "best_val_noise_power_post_eq_snr_-5": 0.7597761025911645,
    "best_val_mimo_sigma2_snr_-5": 3.1622776985168457,
    "best_val_n_tokens_effective_snr_-5": 197.0,
    "best_val_n_tokens_full_snr_-5": 197.0,
    "best_val_dim_channel_snr_-5": 128.0,
    "best_val_tokens_selected_snr_-5": 196.0,
    "best_val_tokens_sent_snr_-5": 196.0,
    "best_val_tokens_capacity_snr_-5": 196.0,
    "best_val_d_sent_snr_-5": 128.0,
    "best_val_tokens_sent_excl_cls_snr_-5": 196.0,
    "best_val_rate_symbols_multiplier_snr_-5": 1.0,
    "best_val_rate_symbols_snr_-5": 25088.0,
    "best_val_rate_bits_snr_-5": 0.0,
    "best_val_q_symbols_snr_-5": 25216.0,
    "best_val_power_alloc_enabled_snr_0": 1.0,
    "best_val_power_alloc_alpha_snr_0": 1.0,
    "best_val_p_mean_snr_0": 1.0000000015089783,
    "best_val_p_min_snr_0": 1.0000001192092896,
    "best_val_p_max_snr_0": 1.0000001192092896,
    "best_val_mode_alloc_enabled_snr_0": 0.0,
    "best_val_mimo_n_tx_snr_0": 1.0,
    "best_val_mimo_T_snr_0": 25216.0,
    "best_val_mimo_L_snr_0": 25216.0,
    "best_val_mimo_L_pad_snr_0": 25216.0,
    "best_val_mimo_pad_symbols_snr_0": 0.0,
    "best_val_mimo_n_rx_snr_0": 1.0,
    "best_val_stream_alloc_enabled_snr_0": 0.0,
    "best_val_stream_alloc_assignment_enabled_snr_0": 0.0,
    "best_val_stream_alloc_power_enabled_snr_0": 0.0,
    "best_val_mimo_mmse_eps_snr_0": 9.999999999999985e-07,
    "best_val_snr_db_target_snr_0": 0.0,
    "best_val_snr_db_measured_pre_eq_snr_0": -7.63493121264184e-05,
    "best_val_snr_db_measured_post_eq_snr_0": 3.0098386173006855,
    "best_val_snr_db_measured_snr_0": 3.0098386173006855,
    "best_val_signal_power_pre_eq_snr_0": 0.9999999984910216,
    "best_val_noise_power_pre_eq_snr_0": 1.000017857249779,
    "best_val_signal_power_post_eq_snr_0": 0.9999999984910216,
    "best_val_noise_power_post_eq_snr_0": 0.5000532261932953,
    "best_val_mimo_sigma2_snr_0": 0.9999999992455109,
    "best_val_n_tokens_effective_snr_0": 197.0,
    "best_val_n_tokens_full_snr_0": 197.0,
    "best_val_dim_channel_snr_0": 128.0,
    "best_val_tokens_selected_snr_0": 196.0,
    "best_val_tokens_sent_snr_0": 196.0,
    "best_val_tokens_capacity_snr_0": 196.0,
    "best_val_d_sent_snr_0": 128.0,
    "best_val_tokens_sent_excl_cls_snr_0": 196.0,
    "best_val_rate_symbols_multiplier_snr_0": 1.0,
    "best_val_rate_symbols_snr_0": 25088.0,
    "best_val_rate_bits_snr_0": 0.0,
    "best_val_q_symbols_snr_0": 25216.0,
    "best_val_power_alloc_enabled_snr_10": 1.0,
    "best_val_power_alloc_alpha_snr_10": 1.0,
    "best_val_p_mean_snr_10": 1.0000000015089783,
    "best_val_p_min_snr_10": 1.0000001192092896,
    "best_val_p_max_snr_10": 1.0000001192092896,
    "best_val_mode_alloc_enabled_snr_10": 0.0,
    "best_val_mimo_n_tx_snr_10": 1.0,
    "best_val_mimo_T_snr_10": 25216.0,
    "best_val_mimo_L_snr_10": 25216.0,
    "best_val_mimo_L_pad_snr_10": 25216.0,
    "best_val_mimo_pad_symbols_snr_10": 0.0,
    "best_val_mimo_n_rx_snr_10": 1.0,
    "best_val_stream_alloc_enabled_snr_10": 0.0,
    "best_val_stream_alloc_assignment_enabled_snr_10": 0.0,
    "best_val_stream_alloc_power_enabled_snr_10": 0.0,
    "best_val_mimo_mmse_eps_snr_10": 9.999999999999985e-07,
    "best_val_snr_db_target_snr_10": 10.0,
    "best_val_snr_db_measured_pre_eq_snr_10": 10.00133134141753,
    "best_val_snr_db_measured_post_eq_snr_10": 10.415103151828427,
    "best_val_snr_db_measured_snr_10": 10.415103151828427,
    "best_val_signal_power_pre_eq_snr_10": 0.9999999984910216,
    "best_val_noise_power_pre_eq_snr_10": 0.09996940242716029,
    "best_val_signal_power_post_eq_snr_10": 0.9999999984910216,
    "best_val_noise_power_post_eq_snr_10": 0.0908845196230502,
    "best_val_mimo_sigma2_snr_10": 0.0999999947940247,
    "best_val_n_tokens_effective_snr_10": 197.0,
    "best_val_n_tokens_full_snr_10": 197.0,
    "best_val_dim_channel_snr_10": 128.0,
    "best_val_tokens_selected_snr_10": 196.0,
    "best_val_tokens_sent_snr_10": 196.0,
    "best_val_tokens_capacity_snr_10": 196.0,
    "best_val_d_sent_snr_10": 128.0,
    "best_val_tokens_sent_excl_cls_snr_10": 196.0,
    "best_val_rate_symbols_multiplier_snr_10": 1.0,
    "best_val_rate_symbols_snr_10": 25088.0,
    "best_val_rate_bits_snr_10": 0.0,
    "best_val_q_symbols_snr_10": 25216.0,
    "best_val_power_alloc_enabled_snr_20": 1.0,
    "best_val_power_alloc_alpha_snr_20": 1.0,
    "best_val_p_mean_snr_20": 1.0000000015089783,
    "best_val_p_min_snr_20": 1.0000001192092896,
    "best_val_p_max_snr_20": 1.0000001192092896,
    "best_val_mode_alloc_enabled_snr_20": 0.0,
    "best_val_mimo_n_tx_snr_20": 1.0,
    "best_val_mimo_T_snr_20": 25216.0,
    "best_val_mimo_L_snr_20": 25216.0,
    "best_val_mimo_L_pad_snr_20": 25216.0,
    "best_val_mimo_pad_symbols_snr_20": 0.0,
    "best_val_mimo_n_rx_snr_20": 1.0,
    "best_val_stream_alloc_enabled_snr_20": 0.0,
    "best_val_stream_alloc_assignment_enabled_snr_20": 0.0,
    "best_val_stream_alloc_power_enabled_snr_20": 0.0,
    "best_val_mimo_mmse_eps_snr_20": 9.999999999999985e-07,
    "best_val_snr_db_target_snr_20": 20.0,
    "best_val_snr_db_measured_pre_eq_snr_20": 19.999629250055627,
    "best_val_snr_db_measured_post_eq_snr_20": 20.042835428744933,
    "best_val_snr_db_measured_snr_20": 20.042835428744933,
    "best_val_signal_power_pre_eq_snr_20": 0.9999999984910216,
    "best_val_noise_power_pre_eq_snr_20": 0.010000856439995615,
    "best_val_signal_power_post_eq_snr_20": 0.9999999984910216,
    "best_val_noise_power_post_eq_snr_20": 0.009901855471013467,
    "best_val_mimo_sigma2_snr_20": 0.009999999776482582,
    "best_val_n_tokens_effective_snr_20": 197.0,
    "best_val_n_tokens_full_snr_20": 197.0,
    "best_val_dim_channel_snr_20": 128.0,
    "best_val_tokens_selected_snr_20": 196.0,
    "best_val_tokens_sent_snr_20": 196.0,
    "best_val_tokens_capacity_snr_20": 196.0,
    "best_val_d_sent_snr_20": 128.0,
    "best_val_tokens_sent_excl_cls_snr_20": 196.0,
    "best_val_rate_symbols_multiplier_snr_20": 1.0,
    "best_val_rate_symbols_snr_20": 25088.0,
    "best_val_rate_bits_snr_20": 0.0,
    "best_val_q_symbols_snr_20": 25216.0,
    "best_train_power_alloc_enabled": 1.0,
    "best_train_power_alloc_alpha": 1.0,
    "best_train_p_mean": 1.0,