{
    "best_epoch": 15,
    "best_train_accuracy": 0.5335336538461538,
    "best_train_loss": 1.6702872844842764,
    "best_communication_cost": 74880.00000000825,
    "top_imp_frac": 1.0,
    "tokens_sent": 19.0,
    "symbols_sent": 2560.0,
    "symbol_rate": 2432.0,
    "best_val_accuracy": {
        "-5": 0.4319620253164557,
        "0": 0.5216574367088608,
        "10": 0.5547863924050633,
        "20": 0.5572587025316456
    },
    "best_val_loss": {
        "-5": 2.1130646255951895,
        "0": 1.708368263667143,
        "10": 1.5778696718095224,
        "20": 1.5671663042865223
    },
    "best_val_power_alloc_enabled_snr_-5": 1.0,
    "best_val_power_alloc_alpha_snr_-5": 1.0,
    "best_val_p_mean_snr_-5": 1.0,
    "best_val_p_min_snr_-5": 0.028792165007583703,
    "best_val_p_max_snr_-5": 10.102133352545243,
    "best_val_mode_alloc_enabled_snr_-5": 1.0,
    "best_val_svd_per_sample_snr_-5": 1.0,
    "best_val_sigma_min_snr_-5": 0.002434831455790532,
    "best_val_sigma_mean_snr_-5": 0.8247574069831944,
    "best_val_sigma_max_snr_-5": 2.4275793908517573,
    "best_val_mode_alloc_prune_enabled_snr_-5": 1.0,
    "best_val_mode_alloc_prune_rel_threshold_snr_-5": 0.09999999999999985,
    "best_val_mode_alloc_pruned_frac_snr_-5": 0.13491396360759494,
    "best_val_mode_alloc_assignment_enabled_snr_-5": 1.0,
    "best_val_mode_alloc_assignment_chunk_size_snr_-5": 1.0,
    "best_val_mode_alloc_power_enabled_snr_-5": 1.0,
    "best_val_mode_alloc_power_alpha_snr_-5": 1.0,
    "best_val_mode_alloc_top_imp_frac_snr_-5": 1.0,
    "best_val_mimo_n_tx_snr_-5": 4.0,
    "best_val_mimo_T_snr_-5": 640.0,
    "best_val_mimo_L_snr_-5": 2560.0,
    "best_val_mimo_L_pad_snr_-5": 2560.0,
    "best_val_mimo_pad_symbols_snr_-5": 0.0,
    "best_val_mimo_n_rx_snr_-5": 4.0,
    "best_val_stream_alloc_enabled_snr_-5": 0.0,
    "best_val_stream_alloc_assignment_enabled_snr_-5": 0.0,
    "best_val_stream_alloc_power_enabled_snr_-5": 0.0,
    "best_val_mimo_mmse_eps_snr_-5": 9.999999999999985e-07,
    "best_val_snr_db_target_snr_-5": -5.0,
    "best_val_snr_db_measured_pre_eq_snr_-5": -4.999689772159239,
    "best_val_snr_db_measured_post_eq_snr_-5": 1.7891334174554558,
    "best_val_snr_db_measured_snr_-5": 1.7891334174554558,
    "best_val_signal_power_pre_eq_snr_-5": 2.5097724335103093,
    "best_val_noise_power_pre_eq_snr_-5": 7.936071450197244,
    "best_val_signal_power_post_eq_snr_-5": 0.9999999947185758,
    "best_val_noise_power_post_eq_snr_-5": 0.6623508077633532,
    "best_val_mimo_sigma2_snr_-5": 7.936597377439089,
    "best_val_n_tokens_effective_snr_-5": 20.0,
    "best_val_n_tokens_full_snr_-5": 20.0,
    "best_val_dim_channel_snr_-5": 128.0,
    "best_val_tokens_selected_snr_-5": 19.0,
    "best_val_tokens_sent_snr_-5": 19.0,
    "best_val_tokens_capacity_snr_-5": 19.0,
    "best_val_d_sent_snr_-5": 128.0,
    "best_val_tokens_sent_excl_cls_snr_-5": 19.0,
    "best_val_rate_symbols_multiplier_snr_-5": 1.0,
    "best_val_rate_symbols_snr_-5": 2432.0,
    "best_val_rate_bits_snr_-5": 0.0,
    "best_val_q_symbols_snr_-5": 2560.0,
    "best_val_power_alloc_enabled_snr_0": 1.0,
    "best_val_power_alloc_alpha_snr_0": 1.0,
    "best_val_p_mean_snr_0": 0.9999999984910216,
    "best_val_p_min_snr_0": 0.029197527685120135,
    "best_val_p_max_snr_0": 10.004381614395335,
    "best_val_mode_alloc_enabled_snr_0": 1.0,
    "best_val_svd_per_sample_snr_0": 1.0,
    "best_val_sigma_min_snr_0": 0.002308966335914204,
    "best_val_sigma_mean_snr_0": 0.8269759001611154,
    "best_val_sigma_max_snr_0": 2.444416486764256,
    "best_val_mode_alloc_prune_enabled_snr_0": 1.0,
    "best_val_mode_alloc_prune_rel_threshold_snr_0": 0.09999999999999985,
    "best_val_mode_alloc_pruned_frac_snr_0": 0.13209553006329114,
    "best_val_mode_alloc_assignment_enabled_snr_0": 1.0,
    "best_val_mode_alloc_assignment_chunk_size_snr_0": 1.0,
    "best_val_mode_alloc_power_enabled_snr_0": 1.0,
    "best_val_mode_alloc_power_alpha_snr_0": 1.0,
    "best_val_mode_alloc_top_imp_frac_snr_0": 1.0,
    "best_val_mimo_n_tx_snr_0": 4.0,
    "best_val_mimo_T_snr_0": 640.0,
    "best_val_mimo_L_snr_0": 2560.0,
    "best_val_mimo_L_pad_snr_0": 2560.0,
    "best_val_mimo_pad_symbols_snr_0": 0.0,
    "best_val_mimo_n_rx_snr_0": 4.0,
    "best_val_stream_alloc_enabled_snr_0": 0.0,
    "best_val_stream_alloc_assignment_enabled_snr_0": 0.0,
    "best_val_stream_alloc_power_enabled_snr_0": 0.0,
    "best_val_mimo_mmse_eps_snr_0": 9.999999999999985e-07,
    "best_val_snr_db_target_snr_0": 0.0,
    "best_val_snr_db_measured_pre_eq_snr_0": 0.0013355864122809467,
    "best_val_snr_db_measured_post_eq_snr_0": 4.026879693888411,
    "best_val_snr_db_measured_snr_0": 4.026879693888411,
    "best_val_signal_power_pre_eq_snr_0": 2.524150528485262,
    "best_val_noise_power_pre_eq_snr_0": 2.523417394372481,
    "best_val_signal_power_post_eq_snr_0": 0.9999999909461299,
    "best_val_noise_power_post_eq_snr_0": 0.3956556697435017,
    "best_val_mimo_sigma2_snr_0": 2.5241505254673053,
    "best_val_n_tokens_effective_snr_0": 20.0,
    "best_val_n_tokens_full_snr_0": 20.0,
    "best_val_dim_channel_snr_0": 128.0,
    "best_val_tokens_selected_snr_0": 19.0,
    "best_val_tokens_sent_snr_0": 19.0,
    "best_val_tokens_capacity_snr_0": 19.0,
    "best_val_d_sent_snr_0": 128.0,
    "best_val_tokens_sent_excl_cls_snr_0": 19.0,
    "best_val_rate_symbols_multiplier_snr_0": 1.0,
    "best_val_rate_symbols_snr_0": 2432.0,
    "best_val_rate_bits_snr_0": 0.0,
    "best_val_q_symbols_snr_0": 2560.0,
    "best_val_power_alloc_enabled_snr_10": 1.0,
    "best_val_power_alloc_alpha_snr_10": 1.0,
    "best_val_p_mean_snr_10": 1.0,
    "best_val_p_min_snr_10": 0.028301841378966464,
    "best_val_p_max_snr_10": 10.163161827039115,
    "best_val_mode_alloc_enabled_snr_10": 1.0,
    "best_val_svd_per_sample_snr_10": 1.0,
    "best_val_sigma_min_snr_10": 0.001993699294906014,
    "best_val_sigma_mean_snr_10": 0.8238786413699766,
    "best_val_sigma_max_snr_10": 2.4388974225973783,
    "best_val_mode_alloc_prune_enabled_snr_10": 1.0,
    "best_val_mode_alloc_prune_rel_threshold_snr_10": 0.09999999999999985,
    "best_val_mode_alloc_pruned_frac_snr_10": 0.13310917721518986,
    "best_val_mode_alloc_assignment_enabled_snr_10": 1.0,
    "best_val_mode_alloc_assignment_chunk_size_snr_10": 1.0,
    "best_val_mode_alloc_power_enabled_snr_10": 1.0,
    "best_val_mode_alloc_power_alpha_snr_10": 1.0,
    "best_val_mode_alloc_top_imp_frac_snr_10": 1.0,
    "best_val_mimo_n_tx_snr_10": 4.0,
    "best_val_mimo_T_snr_10": 640.0,
    "best_val_mimo_L_snr_10": 2560.0,
    "best_val_mimo_L_pad_snr_10": 2560.0,
    "best_val_mimo_pad_symbols_snr_10": 0.0,
    "best_val_mimo_n_rx_snr_10": 4.0,
    "best_val_stream_alloc_enabled_snr_10": 0.0,
    "best_val_stream_alloc_assignment_enabled_snr_10": 0.0,
    "best_val_stream_alloc_power_enabled_snr_10": 0.0,
    "best_val_mimo_mmse_eps_snr_10": 9.999999999999985e-07,
    "best_val_snr_db_target_snr_10": 10.0,
    "best_val_snr_db_measured_pre_eq_snr_10": 10.000102658815022,
    "best_val_snr_db_measured_post_eq_snr_10": 8.30563735961914,
    "best_val_snr_db_measured_snr_10": 8.30563735961914,
    "best_val_signal_power_pre_eq_snr_10": 2.5103187772292124,
    "best_val_noise_power_pre_eq_snr_10": 0.25102837440333786,
    "best_val_signal_power_post_eq_snr_10": 0.9999999947185758,
    "best_val_noise_power_post_eq_snr_10": 0.14773571132859098,
    "best_val_mimo_sigma2_snr_10": 0.25103188070315346,
    "best_val_n_tokens_effective_snr_10": 20.0,
    "best_val_n_tokens_full_snr_10": 20.0,
    "best_val_dim_channel_snr_10": 128.0,
    "best_val_tokens_selected_snr_10": 19.0,
    "best_val_tokens_sent_snr_10": 19.0,
    "best_val_tokens_capacity_snr_10": 19.0,
    "best_val_d_sent_snr_10": 128.0,
    "best_val_tokens_sent_excl_cls_snr_10": 19.0,
    "best_val_rate_symbols_multiplier_snr_10": 1.0,
    "best_val_rate_symbols_snr_10": 2432.0,
    "best_val_rate_bits_snr_10": 0.0,