{
    "best_epoch": 11,
    "best_train_accuracy": 0.6832732371794872,
    "best_train_loss": 1.0959792754588984,
    "best_communication_cost": 131678.9759999859,
    "top_imp_frac": 0.0,
    "tokens_sent": 47.0,
    "symbols_sent": 9216.0,
    "symbol_rate": 9024.0,
    "best_val_accuracy": {
        "-5": 0.4432357594936709,
        "0": 0.6591178797468354,
        "10": 0.7111352848101266,
        "20": 0.7137064873417721
    },
    "best_val_loss": {
        "-5": 2.199742923809003,
        "0": 1.2002619127684002,
        "10": 0.99796324062951,
        "20": 0.9823449012599413
    },
    "best_val_power_alloc_enabled_snr_-5": 1.0,
    "best_val_power_alloc_alpha_snr_-5": 1.0,
    "best_val_p_mean_snr_-5": 0.9999999585030954,
    "best_val_p_min_snr_-5": 0.00010222225028894771,
    "best_val_p_max_snr_-5": 1.8361065749880634,
    "best_val_mode_alloc_enabled_snr_-5": 0.0,
    "best_val_mimo_n_tx_snr_-5": 1.0,
    "best_val_mimo_T_snr_-5": 9216.0,
    "best_val_mimo_L_snr_-5": 9216.0,
    "best_val_mimo_L_pad_snr_-5": 9216.0,
    "best_val_mimo_pad_symbols_snr_-5": 0.0,
    "best_val_mimo_n_rx_snr_-5": 1.0,
    "best_val_stream_alloc_enabled_snr_-5": 0.0,
    "best_val_stream_alloc_assignment_enabled_snr_-5": 0.0,
    "best_val_stream_alloc_power_enabled_snr_-5": 0.0,
    "best_val_mimo_mmse_eps_snr_-5": 9.999999999999985e-07,
    "best_val_snr_db_target_snr_-5": -5.0,
    "best_val_snr_db_measured_pre_eq_snr_-5": -5.00006037724169,
    "best_val_snr_db_measured_post_eq_snr_-5": 1.1929597507549237,
    "best_val_snr_db_measured_snr_-5": 1.1929597507549237,
    "best_val_signal_power_pre_eq_snr_-5": 0.9999999984910216,
    "best_val_noise_power_pre_eq_snr_-5": 3.1623233903812458,
    "best_val_signal_power_post_eq_snr_-5": 0.9999999984910216,
    "best_val_noise_power_post_eq_snr_-5": 0.7598087259485752,
    "best_val_mimo_sigma2_snr_-5": 3.1622776985168457,
    "best_val_n_tokens_effective_snr_-5": 48.0,
    "best_val_n_tokens_full_snr_-5": 48.0,
    "best_val_dim_channel_snr_-5": 192.0,
    "best_val_tokens_selected_snr_-5": 47.0,
    "best_val_tokens_sent_snr_-5": 47.0,
    "best_val_tokens_capacity_snr_-5": 47.0,
    "best_val_d_sent_snr_-5": 192.0,
    "best_val_tokens_sent_excl_cls_snr_-5": 47.0,
    "best_val_rate_symbols_multiplier_snr_-5": 1.0,
    "best_val_rate_symbols_snr_-5": 9024.0,
    "best_val_rate_bits_snr_-5": 0.0,
    "best_val_q_symbols_snr_-5": 9216.0,
    "best_val_power_alloc_enabled_snr_0": 1.0,
    "best_val_power_alloc_alpha_snr_0": 1.0,
    "best_val_p_mean_snr_0": 0.9999999622755413,
    "best_val_p_min_snr_0": 0.0001021634743665345,
    "best_val_p_max_snr_0": 1.8777594777602185,
    "best_val_mode_alloc_enabled_snr_0": 0.0,
    "best_val_mimo_n_tx_snr_0": 1.0,
    "best_val_mimo_T_snr_0": 9216.0,
    "best_val_mimo_L_snr_0": 9216.0,
    "best_val_mimo_L_pad_snr_0": 9216.0,
    "best_val_mimo_pad_symbols_snr_0": 0.0,
    "best_val_mimo_n_rx_snr_0": 1.0,
    "best_val_stream_alloc_enabled_snr_0": 0.0,
    "best_val_stream_alloc_assignment_enabled_snr_0": 0.0,
    "best_val_stream_alloc_power_enabled_snr_0": 0.0,
    "best_val_mimo_mmse_eps_snr_0": 9.999999999999985e-07,
    "best_val_snr_db_target_snr_0": 0.0,
    "best_val_snr_db_measured_pre_eq_snr_0": -0.0002400292186037036,
    "best_val_snr_db_measured_post_eq_snr_0": 3.0103969634333745,
    "best_val_snr_db_measured_snr_0": 3.0103969634333745,
    "best_val_signal_power_pre_eq_snr_0": 0.9999999984910216,
    "best_val_noise_power_pre_eq_snr_0": 1.000056132485595,
    "best_val_signal_power_post_eq_snr_0": 0.9999999984910216,
    "best_val_noise_power_post_eq_snr_0": 0.4999891534636292,
    "best_val_mimo_sigma2_snr_0": 1.0,
    "best_val_n_tokens_effective_snr_0": 48.0,
    "best_val_n_tokens_full_snr_0": 48.0,
    "best_val_dim_channel_snr_0": 192.0,
    "best_val_tokens_selected_snr_0": 47.0,
    "best_val_tokens_sent_snr_0": 47.0,
    "best_val_tokens_capacity_snr_0": 47.0,
    "best_val_d_sent_snr_0": 192.0,
    "best_val_tokens_sent_excl_cls_snr_0": 47.0,
    "best_val_rate_symbols_multiplier_snr_0": 1.0,
    "best_val_rate_symbols_snr_0": 9024.0,
    "best_val_rate_bits_snr_0": 0.0,
    "best_val_q_symbols_snr_0": 9216.0,
    "best_val_power_alloc_enabled_snr_10": 1.0,
    "best_val_power_alloc_alpha_snr_10": 1.0,
    "best_val_p_mean_snr_10": 0.9999999562396279,
    "best_val_p_min_snr_10": 0.00010225098525598363,
    "best_val_p_max_snr_10": 1.8580646831778032,
    "best_val_mode_alloc_enabled_snr_10": 0.0,
    "best_val_mimo_n_tx_snr_10": 1.0,
    "best_val_mimo_T_snr_10": 9216.0,
    "best_val_mimo_L_snr_10": 9216.0,
    "best_val_mimo_L_pad_snr_10": 9216.0,
    "best_val_mimo_pad_symbols_snr_10": 0.0,
    "best_val_mimo_n_rx_snr_10": 1.0,
    "best_val_stream_alloc_enabled_snr_10": 0.0,
    "best_val_stream_alloc_assignment_enabled_snr_10": 0.0,
    "best_val_stream_alloc_power_enabled_snr_10": 0.0,
    "best_val_mimo_mmse_eps_snr_10": 9.999999999999985e-07,
    "best_val_snr_db_target_snr_10": 10.0,
    "best_val_snr_db_measured_pre_eq_snr_10": 9.99962548364567,
    "best_val_snr_db_measured_post_eq_snr_10": 10.413575389717199,
    "best_val_snr_db_measured_snr_10": 10.413575389717199,
    "best_val_signal_power_pre_eq_snr_10": 0.9999999969820433,
    "best_val_noise_power_pre_eq_snr_10": 0.10000870480567595,
    "best_val_signal_power_post_eq_snr_10": 0.9999999969820433,
    "best_val_noise_power_post_eq_snr_10": 0.09091651826342449,
    "best_val_mimo_sigma2_snr_10": 0.09999999724611451,
    "best_val_n_tokens_effective_snr_10": 48.0,
    "best_val_n_tokens_full_snr_10": 48.0,
    "best_val_dim_channel_snr_10": 192.0,
    "best_val_tokens_selected_snr_10": 47.0,
    "best_val_tokens_sent_snr_10": 47.0,
    "best_val_tokens_capacity_snr_10": 47.0,
    "best_val_d_sent_snr_10": 192.0,
    "best_val_tokens_sent_excl_cls_snr_10": 47.0,
    "best_val_rate_symbols_multiplier_snr_10": 1.0,
    "best_val_rate_symbols_snr_10": 9024.0,
    "best_val_rate_bits_snr_10": 0.0,
    "best_val_q_symbols_snr_10": 9216.0,
    "best_val_power_alloc_enabled_snr_20": 1.0,
    "best_val_power_alloc_alpha_snr_20": 1.0,
    "best_val_p_mean_snr_20": 0.9999999615210521,
    "best_val_p_min_snr_20": 0.0001022824233794243,
    "best_val_p_max_snr_20": 1.8608937157860286,
    "best_val_mode_alloc_enabled_snr_20": 0.0,
    "best_val_mimo_n_tx_snr_20": 1.0,
    "best_val_mimo_T_snr_20": 9216.0,
    "best_val_mimo_L_snr_20": 9216.0,
    "best_val_mimo_L_pad_snr_20": 9216.0,
    "best_val_mimo_pad_symbols_snr_20": 0.0,
    "best_val_mimo_n_rx_snr_20": 1.0,
    "best_val_stream_alloc_enabled_snr_20": 0.0,
    "best_val_stream_alloc_assignment_enabled_snr_20": 0.0,
    "best_val_stream_alloc_power_enabled_snr_20": 0.0,
    "best_val_mimo_mmse_eps_snr_20": 9.999999999999985e-07,
    "best_val_snr_db_target_snr_20": 20.0,
    "best_val_snr_db_measured_pre_eq_snr_20": 19.999477145038075,
    "best_val_snr_db_measured_post_eq_snr_20": 20.04266045968744,
    "best_val_snr_db_measured_snr_20": 20.04266045968744,
    "best_val_signal_power_pre_eq_snr_20": 0.9999999984910216,
    "best_val_noise_power_pre_eq_snr_20": 0.010001220186299916,
    "best_val_signal_power_post_eq_snr_20": 0.9999999984910216,
    "best_val_noise_power_post_eq_snr_20": 0.00990226856562533,
    "best_val_mimo_sigma2_snr_20": 0.009999999776482582,
    "best_val_n_tokens_effective_snr_20": 48.0,
    "best_val_n_tokens_full_snr_20": 48.0,
    "best_val_dim_channel_snr_20": 192.0,
    "best_val_tokens_selected_snr_20": 47.0,
    "best_val_tokens_sent_snr_20": 47.0,
    "best_val_tokens_capacity_snr_20": 47.0,
    "best_val_d_sent_snr_20": 192.0,
    "best_val_tokens_sent_excl_cls_snr_20": 47.0,
    "best_val_rate_symbols_multiplier_snr_20": 1.0,
    "best_val_rate_symbols_snr_20": 9024.0,
    "best_val_rate_bits_snr_20": 0.0,
    "best_val_q_symbols_snr_20": 9216.0,
    "best_train_power_alloc_enabled": 1.0,
    "best_train_power_alloc_alpha": 1.0,
    "best_train_p_mean": 1.0000000189512204,