{"tau": 1.9938232128991722, "logits_std": 4.955547393896641, "logits_mean": -0.0012529909736727883, "entropy": 0.02328356830602461, "grad_score_head": 0.001336289444671922, "grad_backbone": 0.1293265520523374, "payload_x_norm": 1093.531908944937, "payload_out_norm": 1000.9020403739734, "payload_diff_norm": 667.3833320813301, "epoch": 1}
{"tau": 1.9569917164065023, "logits_std": 4.925807011433137, "logits_mean": -0.0012376761431089388, "entropy": 0.0010666816757466983, "grad_score_head": 0.0003577454246496331, "grad_backbone": 0.16289109180753047, "payload_x_norm": 1101.1410599146134, "payload_out_norm": 1013.0977708865435, "payload_diff_norm": 654.1923721313476, "epoch": 2}
{"tau": 1.8848908095309802, "logits_std": 4.903876782686282, "logits_mean": -0.0012654653965280607, "entropy": 0.00011112075285109626, "grad_score_head": 2.012124012953685e-05, "grad_backbone": 0.16714511011273434, "payload_x_norm": 1071.9804594382263, "payload_out_norm": 985.875248053135, "payload_diff_norm": 632.3378397623698, "epoch": 3}
{"tau": 1.7806716478816023, "logits_std": 4.8967738982958675, "logits_mean": -0.001257524801752506, "entropy": 0.00014388825243473626, "grad_score_head": 2.5759953072269195e-05, "grad_backbone": 0.157718104047653, "payload_x_norm": 1066.644483986879, "payload_out_norm": 976.1173936110276, "payload_diff_norm": 630.7111461737217, "epoch": 4}
{"tau": 1.6488891089214692, "logits_std": 4.89619347743499, "logits_mean": -0.0012142257979856088, "entropy": 5.240109425400901e-05, "grad_score_head": 3.59879014022518e-06, "grad_backbone": 0.152925972143809, "payload_x_norm": 1097.3268149351463, "payload_out_norm": 1012.0174229548528, "payload_diff_norm": 645.3086760887733, "epoch": 5}
{"tau": 1.4953027219659205, "logits_std": 4.896958848757621, "logits_mean": -0.0012321628764486656, "entropy": 6.758966691528307e-05, "grad_score_head": 6.011177777586042e-06, "grad_backbone": 0.1523422344181782, "payload_x_norm": 1091.306291785607, "payload_out_norm": 1002.6474334716797, "payload_diff_norm": 656.0563165517954, "epoch": 6}
{"tau": 1.326624949114166, "logits_std": 4.893081151522123, "logits_mean": -0.001237275778578642, "entropy": 0.00017580235087304437, "grad_score_head": 2.3648843561060754e-05, "grad_backbone": 0.145897799768509, "payload_x_norm": 1101.0100063226162, "payload_out_norm": 1004.7516057723608, "payload_diff_norm": 677.9145956773025, "epoch": 7}
{"tau": 1.1502278184455834, "logits_std": 4.887774247389573, "logits_mean": -0.0012760585475450335, "entropy": 0.00021922646076704617, "grad_score_head": 1.4847818358362579e-05, "grad_backbone": 0.1452724039172515, "payload_x_norm": 1076.1626362335987, "payload_out_norm": 991.1787671211438, "payload_diff_norm": 657.2658015911396, "epoch": 8}
{"tau": 0.9738207310177344, "logits_std": 4.753817840722891, "logits_mean": -0.0012238817059625992, "entropy": 0.0008305535489222036, "grad_score_head": 0.00016912571981958534, "grad_backbone": 0.14169005921635872, "payload_x_norm": 1060.9816369472405, "payload_out_norm": 975.7495215782752, "payload_diff_norm": 638.334299038618, "epoch": 9}
{"tau": 0.805113523046339, "logits_std": 4.706350602859106, "logits_mean": -0.0012307610923949725, "entropy": 0.00032582976433346737, "grad_score_head": 5.9683070845804644e-05, "grad_backbone": 0.13434306253225375, "payload_x_norm": 1102.0365923759264, "payload_out_norm": 1012.7969513721955, "payload_diff_norm": 675.6006498874763, "epoch": 10}
{"tau": 0.6514795090667488, "logits_std": 4.668635759598169, "logits_mean": -0.0012137111097287672, "entropy": 7.19529518878499e-05, "grad_score_head": 7.461595680641929e-06, "grad_backbone": 0.1323630717702401, "payload_x_norm": 1093.6760509784406, "payload_out_norm": 1001.2219596667168, "payload_diff_norm": 654.8082768953764, "epoch": 11}
{"tau": 0.5196332327076637, "logits_std": 4.662829940746992, "logits_mean": -0.001248774817511917, "entropy": 0.00020803948847278027, "grad_score_head": 1.2526798698114822e-05, "grad_backbone": 0.13588429439144256, "payload_x_norm": 1079.2743715726413, "payload_out_norm": 1059.018715256911, "payload_diff_norm": 566.9697958823962, "epoch": 12}
{"tau": 0.4153370089146033, "logits_std": 4.619960885170179, "logits_mean": -0.0012730712023301001, "entropy": 0.0005949977245639169, "grad_score_head": 0.00016404423461498943, "grad_backbone": 0.14010781976274955, "payload_x_norm": 1075.3847315079126, "payload_out_norm": 1056.0830274533002, "payload_diff_norm": 587.3382928897173, "epoch": 13}
{"tau": 0.34314908313613235, "logits_std": 4.519445200455494, "logits_mean": -0.001328039317069432, "entropy": 0.00018163738726161197, "grad_score_head": 3.2426996340466196e-05, "grad_backbone": 0.14395907484950163, "payload_x_norm": 1089.937128076798, "payload_out_norm": 1069.3384944817958, "payload_diff_norm": 663.7834000807542, "epoch": 14}
{"tau": 0.3062244141248697, "logits_std": 4.504106422571035, "logits_mean": -0.0013835878006946774, "entropy": 0.00047523751221772065, "grad_score_head": 0.00017298910510335098, "grad_backbone": 0.1476228928909852, "payload_x_norm": 1085.5612233479817, "payload_out_norm": 1065.7628165220603, "payload_diff_norm": 675.639483456734, "epoch": 15}
