{
    "best_epoch": 27,
    "best_train_accuracy": 0.9124348958333334,
    "best_train_loss": 0.3076060878423353,
    "best_communication_cost": 53316.40319999937,
    "top_imp_frac": 1.0,
    "tokens_sent": 62.0,
    "symbols_sent": 12096.0,
    "symbol_rate": 11904.0,
    "best_val_accuracy": {
        "-5": 0.5464654713869095,
        "0": 0.765530489385128,
        "10": 0.8717552870512009,
        "20": 0.9009576588869095
    },
    "best_val_loss": {
        "-5": 1.8705229610204697,
        "0": 0.896720863878727,
        "10": 0.4540320485830307,
        "20": 0.39851365983486176
    },
    "best_val_power_alloc_enabled_snr_-5": 0.0,
    "best_val_power_alloc_alpha_snr_-5": 0.9525741338729858,
    "best_val_p_mean_snr_-5": 1.0,
    "best_val_p_min_snr_-5": 1.0,
    "best_val_p_max_snr_-5": 1.0,
    "best_val_mode_alloc_enabled_snr_-5": 1.0,
    "best_val_svd_per_sample_snr_-5": 1.0,
    "best_val_sigma_min_snr_-5": 0.0014011022758495528,
    "best_val_sigma_mean_snr_-5": 0.8148917704820633,
    "best_val_sigma_max_snr_-5": 2.457659035921097,
    "best_val_mode_alloc_prune_enabled_snr_-5": 1.0,
    "best_val_mode_alloc_prune_rel_threshold_snr_-5": 0.0952574133872986,
    "best_val_mode_alloc_pruned_frac_snr_-5": 0.12793756276369095,
    "best_val_mode_alloc_assignment_enabled_snr_-5": 1.0,
    "best_val_mode_alloc_assignment_chunk_size_snr_-5": 1.0,
    "best_val_mode_alloc_power_enabled_snr_-5": 1.0,
    "best_val_mode_alloc_power_alpha_snr_-5": 1.0,
    "best_val_mode_alloc_top_imp_frac_snr_-5": 1.0,
    "best_val_wf_mode_imp_std_snr_-5": 0.41104762628674507,
    "best_val_wf_mode_power_ratio_snr_-5": 8033.28466796875,
    "best_val_wf_mode_power_imp_corr_snr_-5": 0.9986749514937401,
    "best_val_wf_mode_power_gini_snr_-5": 0.29841214790940285,
    "best_val_wf_mode_alpha_eff_snr_-5": 0.9525741338729858,
    "best_val_mimo_n_tx_snr_-5": 4.0,
    "best_val_mimo_T_snr_-5": 3024.0,
    "best_val_mimo_L_snr_-5": 12096.0,
    "best_val_mimo_L_pad_snr_-5": 12096.0,
    "best_val_mimo_pad_symbols_snr_-5": 0.0,
    "best_val_mimo_n_rx_snr_-5": 4.0,
    "best_val_stream_alloc_enabled_snr_-5": 0.0,
    "best_val_stream_alloc_assignment_enabled_snr_-5": 0.0,
    "best_val_stream_alloc_power_enabled_snr_-5": 0.0,
    "best_val_mimo_mmse_eps_snr_-5": 1e-06,
    "best_val_snr_db_target_snr_-5": -5.0,
    "best_val_snr_db_measured_pre_eq_snr_-5": -4.999362647533417,
    "best_val_snr_db_measured_post_eq_snr_-5": 1.3355548977851868,
    "best_val_snr_db_measured_snr_-5": 1.3355548977851868,
    "best_val_signal_power_pre_eq_snr_-5": 1.4127134829759598,
    "best_val_noise_power_pre_eq_snr_-5": 4.46667355298996,
    "best_val_signal_power_post_eq_snr_-5": 0.9999999329447746,
    "best_val_noise_power_post_eq_snr_-5": 0.7352696433663368,
    "best_val_mimo_sigma2_snr_-5": 4.467392265796661,
    "best_val_n_tokens_effective_snr_-5": 63.0,
    "best_val_n_tokens_full_snr_-5": 63.0,
    "best_val_dim_channel_snr_-5": 192.0,
    "best_val_tokens_selected_snr_-5": 62.0,
    "best_val_tokens_sent_snr_-5": 62.0,
    "best_val_tokens_capacity_snr_-5": 62.0,
    "best_val_d_sent_snr_-5": 192.0,
    "best_val_tokens_sent_excl_cls_snr_-5": 62.0,
    "best_val_rate_symbols_multiplier_snr_-5": 1.0,
    "best_val_rate_symbols_snr_-5": 11904.0,
    "best_val_rate_bits_snr_-5": 0.0,
    "best_val_q_symbols_snr_-5": 12096.0,
    "best_val_power_alloc_enabled_snr_0": 0.0,
    "best_val_power_alloc_alpha_snr_0": 0.8175744414329529,
    "best_val_p_mean_snr_0": 1.0,
    "best_val_p_min_snr_0": 1.0,
    "best_val_p_max_snr_0": 1.0,
    "best_val_mode_alloc_enabled_snr_0": 1.0,
    "best_val_svd_per_sample_snr_0": 1.0,
    "best_val_sigma_min_snr_0": 0.0009862184306257404,
    "best_val_sigma_mean_snr_0": 0.8324220851063728,
    "best_val_sigma_max_snr_0": 2.5091808438301086,
    "best_val_mode_alloc_prune_enabled_snr_0": 1.0,
    "best_val_mode_alloc_prune_rel_threshold_snr_0": 0.08175744414329529,
    "best_val_mode_alloc_pruned_frac_snr_0": 0.11050119623541832,
    "best_val_mode_alloc_assignment_enabled_snr_0": 1.0,
    "best_val_mode_alloc_assignment_chunk_size_snr_0": 1.0,
    "best_val_mode_alloc_power_enabled_snr_0": 1.0,
    "best_val_mode_alloc_power_alpha_snr_0": 1.0,
    "best_val_mode_alloc_top_imp_frac_snr_0": 1.0,
    "best_val_wf_mode_imp_std_snr_0": 0.41133468598127365,
    "best_val_wf_mode_power_ratio_snr_0": 2329.113555908203,
    "best_val_wf_mode_power_imp_corr_snr_0": 0.9977497756481171,
    "best_val_wf_mode_power_gini_snr_0": 0.2920648194849491,
    "best_val_wf_mode_alpha_eff_snr_0": 0.8175744414329529,
    "best_val_mimo_n_tx_snr_0": 4.0,
    "best_val_mimo_T_snr_0": 3024.0,
    "best_val_mimo_L_snr_0": 12096.0,
    "best_val_mimo_L_pad_snr_0": 12096.0,
    "best_val_mimo_pad_symbols_snr_0": 0.0,
    "best_val_mimo_n_rx_snr_0": 4.0,
    "best_val_stream_alloc_enabled_snr_0": 0.0,
    "best_val_stream_alloc_assignment_enabled_snr_0": 0.0,
    "best_val_stream_alloc_power_enabled_snr_0": 0.0,
    "best_val_mimo_mmse_eps_snr_0": 1e-06,
    "best_val_snr_db_target_snr_0": 0.0,
    "best_val_snr_db_measured_pre_eq_snr_0": 0.00043449595250422135,
    "best_val_snr_db_measured_post_eq_snr_0": 2.9145200550556183,
    "best_val_snr_db_measured_snr_0": 2.9145200550556183,
    "best_val_signal_power_pre_eq_snr_0": 1.4444607943296432,
    "best_val_noise_power_pre_eq_snr_0": 1.4443217515945435,
    "best_val_signal_power_post_eq_snr_0": 0.999999925494194,
    "best_val_noise_power_post_eq_snr_0": 0.5111641734838486,
    "best_val_mimo_sigma2_snr_0": 1.4444608241319656,
    "best_val_n_tokens_effective_snr_0": 63.0,
    "best_val_n_tokens_full_snr_0": 63.0,
    "best_val_dim_channel_snr_0": 192.0,
    "best_val_tokens_selected_snr_0": 62.0,
    "best_val_tokens_sent_snr_0": 62.0,
    "best_val_tokens_capacity_snr_0": 62.0,
    "best_val_d_sent_snr_0": 192.0,
    "best_val_tokens_sent_excl_cls_snr_0": 62.0,
    "best_val_rate_symbols_multiplier_snr_0": 1.0,
    "best_val_rate_symbols_snr_0": 11904.0,
    "best_val_rate_bits_snr_0": 0.0,
    "best_val_q_symbols_snr_0": 12096.0,
    "best_val_power_alloc_enabled_snr_10": 0.0,
    "best_val_power_alloc_alpha_snr_10": 0.18242552876472473,
    "best_val_p_mean_snr_10": 1.0,
    "best_val_p_min_snr_10": 1.0,
    "best_val_p_max_snr_10": 1.0,
    "best_val_mode_alloc_enabled_snr_10": 1.0,
    "best_val_svd_per_sample_snr_10": 1.0,
    "best_val_sigma_min_snr_10": 0.002754304718109779,
    "best_val_sigma_mean_snr_10": 0.8334457874298096,
    "best_val_sigma_max_snr_10": 2.4639426469802856,
    "best_val_mode_alloc_prune_enabled_snr_10": 1.0,
    "best_val_mode_alloc_prune_rel_threshold_snr_10": 0.018242552876472473,
    "best_val_mode_alloc_pruned_frac_snr_10": 0.028422693954780698,
    "best_val_mode_alloc_assignment_enabled_snr_10": 1.0,
    "best_val_mode_alloc_assignment_chunk_size_snr_10": 1.0,
    "best_val_mode_alloc_power_enabled_snr_10": 1.0,
    "best_val_mode_alloc_power_alpha_snr_10": 1.0,
    "best_val_mode_alloc_top_imp_frac_snr_10": 1.0,
    "best_val_wf_mode_imp_std_snr_10": 0.41123928874731064,
    "best_val_wf_mode_power_ratio_snr_10": 5.937500953674316,
    "best_val_wf_mode_power_imp_corr_snr_10": 0.9753035977482796,
    "best_val_wf_mode_power_gini_snr_10": 0.18402923457324505,
    "best_val_wf_mode_alpha_eff_snr_10": 0.18242552876472473,
    "best_val_mimo_n_tx_snr_10": 4.0,
    "best_val_mimo_T_snr_10": 3024.0,
    "best_val_mimo_L_snr_10": 12096.0,
    "best_val_mimo_L_pad_snr_10": 12096.0,
    "best_val_mimo_pad_symbols_snr_10": 0.0,
    "best_val_mimo_n_rx_snr_10": 4.0,
    "best_val_stream_alloc_enabled_snr_10": 0.0,
    "best_val_stream_alloc_assignment_enabled_snr_10": 0.0,
    "best_val_stream_alloc_power_enabled_snr_10": 0.0,
    "best_val_mimo_mmse_eps_snr_10": 1e-06,
    "best_val_snr_db_target_snr_10": 10.0,
    "best_val_snr_db_measured_pre_eq_snr_10": 9.999337196350098,
    "best_val_snr_db_measured_post_eq_snr_10": 6.922847092151642,