{
    "best_epoch": 14,
    "best_train_accuracy": 0.7610376602564103,
    "best_train_loss": 0.811477041320923,
    "best_communication_cost": 167591.4239999948,
    "top_imp_frac": 0.0,
    "tokens_sent": 47.0,
    "symbols_sent": 9216.0,
    "symbol_rate": 9024.0,
    "best_val_accuracy": {
        "-5": 0.4732990506329114,
        "0": 0.6914556962025317,
        "10": 0.7481210443037974,
        "20": 0.7528678797468354
    },
    "best_val_loss": {
        "-5": 2.006531873835793,
        "0": 1.0945305922363378,
        "10": 0.8595322981665406,
        "20": 0.8340505663352676
    },
    "best_val_power_alloc_enabled_snr_-5": 1.0,
    "best_val_power_alloc_alpha_snr_-5": 1.0,
    "best_val_p_mean_snr_-5": 0.9999999502037145,
    "best_val_p_min_snr_-5": 0.08920016592439217,
    "best_val_p_max_snr_-5": 9.99828271020817,
    "best_val_mode_alloc_enabled_snr_-5": 0.0,
    "best_val_mimo_n_tx_snr_-5": 1.0,
    "best_val_mimo_T_snr_-5": 9216.0,
    "best_val_mimo_L_snr_-5": 9216.0,
    "best_val_mimo_L_pad_snr_-5": 9216.0,
    "best_val_mimo_pad_symbols_snr_-5": 0.0,
    "best_val_mimo_n_rx_snr_-5": 1.0,
    "best_val_stream_alloc_enabled_snr_-5": 0.0,
    "best_val_stream_alloc_assignment_enabled_snr_-5": 0.0,
    "best_val_stream_alloc_power_enabled_snr_-5": 0.0,
    "best_val_mimo_mmse_eps_snr_-5": 9.999999999999985e-07,
    "best_val_snr_db_target_snr_-5": -5.0,
    "best_val_snr_db_measured_pre_eq_snr_-5": -5.000227203852014,
    "best_val_snr_db_measured_post_eq_snr_-5": 1.1932277302198773,
    "best_val_snr_db_measured_snr_-5": 1.1932277302198773,
    "best_val_signal_power_pre_eq_snr_-5": 0.9999999939640866,
    "best_val_noise_power_pre_eq_snr_-5": 3.1624453128138676,
    "best_val_signal_power_post_eq_snr_-5": 0.9999999939640866,
    "best_val_noise_power_post_eq_snr_-5": 0.7597617107101634,
    "best_val_mimo_sigma2_snr_-5": 3.1622776985168457,
    "best_val_n_tokens_effective_snr_-5": 48.0,
    "best_val_n_tokens_full_snr_-5": 48.0,
    "best_val_dim_channel_snr_-5": 192.0,
    "best_val_tokens_selected_snr_-5": 47.0,
    "best_val_tokens_sent_snr_-5": 47.0,
    "best_val_tokens_capacity_snr_-5": 47.0,
    "best_val_d_sent_snr_-5": 192.0,
    "best_val_tokens_sent_excl_cls_snr_-5": 47.0,
    "best_val_rate_symbols_multiplier_snr_-5": 1.0,
    "best_val_rate_symbols_snr_-5": 9024.0,
    "best_val_rate_bits_snr_-5": 0.0,
    "best_val_q_symbols_snr_-5": 9216.0,
    "best_val_power_alloc_enabled_snr_0": 1.0,
    "best_val_power_alloc_alpha_snr_0": 1.0,
    "best_val_p_mean_snr_0": 0.9999999456767794,
    "best_val_p_min_snr_0": 0.08943239538164079,
    "best_val_p_max_snr_0": 9.869578295116183,
    "best_val_mode_alloc_enabled_snr_0": 0.0,
    "best_val_mimo_n_tx_snr_0": 1.0,
    "best_val_mimo_T_snr_0": 9216.0,
    "best_val_mimo_L_snr_0": 9216.0,
    "best_val_mimo_L_pad_snr_0": 9216.0,
    "best_val_mimo_pad_symbols_snr_0": 0.0,
    "best_val_mimo_n_rx_snr_0": 1.0,
    "best_val_stream_alloc_enabled_snr_0": 0.0,
    "best_val_stream_alloc_assignment_enabled_snr_0": 0.0,
    "best_val_stream_alloc_power_enabled_snr_0": 0.0,
    "best_val_mimo_mmse_eps_snr_0": 9.999999999999985e-07,
    "best_val_snr_db_target_snr_0": 0.0,
    "best_val_snr_db_measured_pre_eq_snr_0": -0.0006496804399842092,
    "best_val_snr_db_measured_post_eq_snr_0": 3.0098647346979455,
    "best_val_snr_db_measured_snr_0": 3.0098647346979455,
    "best_val_signal_power_pre_eq_snr_0": 0.9999999924551083,
    "best_val_noise_power_pre_eq_snr_0": 1.0001504323150539,
    "best_val_signal_power_post_eq_snr_0": 0.9999999924551083,
    "best_val_noise_power_post_eq_snr_0": 0.5000504836251464,
    "best_val_mimo_sigma2_snr_0": 1.0,
    "best_val_n_tokens_effective_snr_0": 48.0,
    "best_val_n_tokens_full_snr_0": 48.0,
    "best_val_dim_channel_snr_0": 192.0,
    "best_val_tokens_selected_snr_0": 47.0,
    "best_val_tokens_sent_snr_0": 47.0,
    "best_val_tokens_capacity_snr_0": 47.0,
    "best_val_d_sent_snr_0": 192.0,
    "best_val_tokens_sent_excl_cls_snr_0": 47.0,
    "best_val_rate_symbols_multiplier_snr_0": 1.0,
    "best_val_rate_symbols_snr_0": 9024.0,
    "best_val_rate_bits_snr_0": 0.0,
    "best_val_q_symbols_snr_0": 9216.0,
    "best_val_power_alloc_enabled_snr_10": 1.0,
    "best_val_power_alloc_alpha_snr_10": 1.0,
    "best_val_p_mean_snr_10": 0.9999999464312687,
    "best_val_p_min_snr_10": 0.09021474232402028,
    "best_val_p_max_snr_10": 9.947409696216825,
    "best_val_mode_alloc_enabled_snr_10": 0.0,
    "best_val_mimo_n_tx_snr_10": 1.0,
    "best_val_mimo_T_snr_10": 9216.0,
    "best_val_mimo_L_snr_10": 9216.0,
    "best_val_mimo_L_pad_snr_10": 9216.0,
    "best_val_mimo_pad_symbols_snr_10": 0.0,
    "best_val_mimo_n_rx_snr_10": 1.0,
    "best_val_stream_alloc_enabled_snr_10": 0.0,
    "best_val_stream_alloc_assignment_enabled_snr_10": 0.0,
    "best_val_stream_alloc_power_enabled_snr_10": 0.0,
    "best_val_mimo_mmse_eps_snr_10": 9.999999999999985e-07,
    "best_val_snr_db_target_snr_10": 10.0,
    "best_val_snr_db_measured_pre_eq_snr_10": 10.000656200360648,
    "best_val_snr_db_measured_post_eq_snr_10": 10.414307497724701,
    "best_val_snr_db_measured_snr_10": 10.414307497724701,
    "best_val_signal_power_pre_eq_snr_10": 0.9999999939640866,
    "best_val_noise_power_pre_eq_snr_10": 0.09998502488000484,
    "best_val_signal_power_post_eq_snr_10": 0.9999999939640866,
    "best_val_noise_power_post_eq_snr_10": 0.0909012296720396,
    "best_val_mimo_sigma2_snr_10": 0.09999999422815782,
    "best_val_n_tokens_effective_snr_10": 48.0,
    "best_val_n_tokens_full_snr_10": 48.0,
    "best_val_dim_channel_snr_10": 192.0,
    "best_val_tokens_selected_snr_10": 47.0,
    "best_val_tokens_sent_snr_10": 47.0,
    "best_val_tokens_capacity_snr_10": 47.0,
    "best_val_d_sent_snr_10": 192.0,
    "best_val_tokens_sent_excl_cls_snr_10": 47.0,
    "best_val_rate_symbols_multiplier_snr_10": 1.0,
    "best_val_rate_symbols_snr_10": 9024.0,
    "best_val_rate_bits_snr_10": 0.0,
    "best_val_q_symbols_snr_10": 9216.0,
    "best_val_power_alloc_enabled_snr_20": 1.0,
    "best_val_power_alloc_alpha_snr_20": 1.0,
    "best_val_p_mean_snr_20": 0.9999999494492253,
    "best_val_p_min_snr_20": 0.09171527275179006,
    "best_val_p_max_snr_20": 9.802445906627026,
    "best_val_mode_alloc_enabled_snr_20": 0.0,
    "best_val_mimo_n_tx_snr_20": 1.0,
    "best_val_mimo_T_snr_20": 9216.0,
    "best_val_mimo_L_snr_20": 9216.0,
    "best_val_mimo_L_pad_snr_20": 9216.0,
    "best_val_mimo_pad_symbols_snr_20": 0.0,
    "best_val_mimo_n_rx_snr_20": 1.0,
    "best_val_stream_alloc_enabled_snr_20": 0.0,
    "best_val_stream_alloc_assignment_enabled_snr_20": 0.0,
    "best_val_stream_alloc_power_enabled_snr_20": 0.0,
    "best_val_mimo_mmse_eps_snr_20": 9.999999999999985e-07,
    "best_val_snr_db_target_snr_20": 20.0,
    "best_val_snr_db_measured_pre_eq_snr_20": 20.000049591064453,
    "best_val_snr_db_measured_post_eq_snr_20": 20.04326960406726,
    "best_val_snr_db_measured_snr_20": 20.04326960406726,
    "best_val_signal_power_pre_eq_snr_20": 0.9999999984910216,
    "best_val_noise_power_pre_eq_snr_20": 0.009999894619553903,
    "best_val_signal_power_post_eq_snr_20": 0.9999999984910216,
    "best_val_noise_power_post_eq_snr_20": 0.009900871180941033,
    "best_val_mimo_sigma2_snr_20": 0.009999999776482582,
    "best_val_n_tokens_effective_snr_20": 48.0,
    "best_val_n_tokens_full_snr_20": 48.0,
    "best_val_dim_channel_snr_20": 192.0,
    "best_val_tokens_selected_snr_20": 47.0,
    "best_val_tokens_sent_snr_20": 47.0,
    "best_val_tokens_capacity_snr_20": 47.0,
    "best_val_d_sent_snr_20": 192.0,
    "best_val_tokens_sent_excl_cls_snr_20": 47.0,
    "best_val_rate_symbols_multiplier_snr_20": 1.0,
    "best_val_rate_symbols_snr_20": 9024.0,
    "best_val_rate_bits_snr_20": 0.0,
    "best_val_q_symbols_snr_20": 9216.0,
    "best_train_power_alloc_enabled": 1.0,
    "best_train_power_alloc_alpha": 1.0,
    "best_train_p_mean": 0.9999999480369763,