{
    "best_epoch": 13,
    "best_train_accuracy": 0.6528645833333333,
    "best_train_loss": 1.2077601982997015,
    "best_communication_cost": 314550.9119999858,
    "top_imp_frac": 0.0,
    "tokens_sent": 95.0,
    "symbols_sent": 18432.0,
    "symbol_rate": 18240.0,
    "best_val_accuracy": {
        "-5": 0.47794699367088606,
        "0": 0.6379549050632911,
        "10": 0.6759295886075949,
        "20": 0.6859177215189873
    },
    "best_val_loss": {
        "-5": 1.9469386490085456,
        "0": 1.2870570104333419,
        "10": 1.1284443124940124,
        "20": 1.1080590501616272
    },
    "best_val_power_alloc_enabled_snr_-5": 1.0,
    "best_val_power_alloc_alpha_snr_-5": 1.0,
    "best_val_p_mean_snr_-5": 1.0000000007544891,
    "best_val_p_min_snr_-5": 0.00017242239459559227,
    "best_val_p_max_snr_-5": 12.721074876905996,
    "best_val_mode_alloc_enabled_snr_-5": 0.0,
    "best_val_mimo_n_tx_snr_-5": 1.0,
    "best_val_mimo_T_snr_-5": 18432.0,
    "best_val_mimo_L_snr_-5": 18432.0,
    "best_val_mimo_L_pad_snr_-5": 18432.0,
    "best_val_mimo_pad_symbols_snr_-5": 0.0,
    "best_val_mimo_n_rx_snr_-5": 1.0,
    "best_val_stream_alloc_enabled_snr_-5": 0.0,
    "best_val_stream_alloc_assignment_enabled_snr_-5": 0.0,
    "best_val_stream_alloc_power_enabled_snr_-5": 0.0,
    "best_val_mimo_mmse_eps_snr_-5": 9.999999999999985e-07,
    "best_val_snr_db_target_snr_-5": -5.0,
    "best_val_snr_db_measured_pre_eq_snr_-5": -4.999740751483772,
    "best_val_snr_db_measured_post_eq_snr_-5": 1.1934251408033734,
    "best_val_snr_db_measured_snr_-5": 1.1934251408033734,
    "best_val_signal_power_pre_eq_snr_-5": 0.9999999969820433,
    "best_val_noise_power_pre_eq_snr_-5": 3.1620902924598018,
    "best_val_signal_power_post_eq_snr_-5": 0.9999999969820433,
    "best_val_noise_power_post_eq_snr_-5": 0.7597270238248608,
    "best_val_mimo_sigma2_snr_-5": 3.1622776985168457,
    "best_val_n_tokens_effective_snr_-5": 96.0,
    "best_val_n_tokens_full_snr_-5": 96.0,
    "best_val_dim_channel_snr_-5": 192.0,
    "best_val_tokens_selected_snr_-5": 95.0,
    "best_val_tokens_sent_snr_-5": 95.0,
    "best_val_tokens_capacity_snr_-5": 95.0,
    "best_val_d_sent_snr_-5": 192.0,
    "best_val_tokens_sent_excl_cls_snr_-5": 95.0,
    "best_val_rate_symbols_multiplier_snr_-5": 1.0,
    "best_val_rate_symbols_snr_-5": 18240.0,
    "best_val_rate_bits_snr_-5": 0.0,
    "best_val_q_symbols_snr_-5": 18432.0,
    "best_val_power_alloc_enabled_snr_0": 1.0,
    "best_val_power_alloc_alpha_snr_0": 1.0,
    "best_val_p_mean_snr_0": 1.0000000015089783,
    "best_val_p_min_snr_0": 0.00017262579260918584,
    "best_val_p_max_snr_0": 11.93562404717071,
    "best_val_mode_alloc_enabled_snr_0": 0.0,
    "best_val_mimo_n_tx_snr_0": 1.0,
    "best_val_mimo_T_snr_0": 18432.0,
    "best_val_mimo_L_snr_0": 18432.0,
    "best_val_mimo_L_pad_snr_0": 18432.0,
    "best_val_mimo_pad_symbols_snr_0": 0.0,
    "best_val_mimo_n_rx_snr_0": 1.0,
    "best_val_stream_alloc_enabled_snr_0": 0.0,
    "best_val_stream_alloc_assignment_enabled_snr_0": 0.0,
    "best_val_stream_alloc_power_enabled_snr_0": 0.0,
    "best_val_mimo_mmse_eps_snr_0": 9.999999999999985e-07,
    "best_val_snr_db_target_snr_0": 0.0,
    "best_val_snr_db_measured_pre_eq_snr_0": -0.0006490502779757385,
    "best_val_snr_db_measured_post_eq_snr_0": 3.0096154876902133,
    "best_val_snr_db_measured_snr_0": 3.0096154876902133,
    "best_val_signal_power_pre_eq_snr_0": 0.9999999939640866,
    "best_val_noise_power_pre_eq_snr_0": 1.0001499818850168,
    "best_val_signal_power_post_eq_snr_0": 0.9999999939640866,
    "best_val_noise_power_post_eq_snr_0": 0.5000790323637709,
    "best_val_mimo_sigma2_snr_0": 0.9999999992455109,
    "best_val_n_tokens_effective_snr_0": 96.0,
    "best_val_n_tokens_full_snr_0": 96.0,
    "best_val_dim_channel_snr_0": 192.0,
    "best_val_tokens_selected_snr_0": 95.0,
    "best_val_tokens_sent_snr_0": 95.0,
    "best_val_tokens_capacity_snr_0": 95.0,
    "best_val_d_sent_snr_0": 192.0,
    "best_val_tokens_sent_excl_cls_snr_0": 95.0,
    "best_val_rate_symbols_multiplier_snr_0": 1.0,
    "best_val_rate_symbols_snr_0": 18240.0,
    "best_val_rate_bits_snr_0": 0.0,
    "best_val_q_symbols_snr_0": 18432.0,
    "best_val_power_alloc_enabled_snr_10": 1.0,
    "best_val_power_alloc_alpha_snr_10": 1.0,
    "best_val_p_mean_snr_10": 1.0000000015089783,
    "best_val_p_min_snr_10": 0.0001720362103432181,
    "best_val_p_max_snr_10": 13.837584924094285,
    "best_val_mode_alloc_enabled_snr_10": 0.0,
    "best_val_mimo_n_tx_snr_10": 1.0,
    "best_val_mimo_T_snr_10": 18432.0,
    "best_val_mimo_L_snr_10": 18432.0,
    "best_val_mimo_L_pad_snr_10": 18432.0,
    "best_val_mimo_pad_symbols_snr_10": 0.0,
    "best_val_mimo_n_rx_snr_10": 1.0,
    "best_val_stream_alloc_enabled_snr_10": 0.0,
    "best_val_stream_alloc_assignment_enabled_snr_10": 0.0,
    "best_val_stream_alloc_power_enabled_snr_10": 0.0,
    "best_val_mimo_mmse_eps_snr_10": 9.999999999999985e-07,
    "best_val_snr_db_target_snr_10": 10.0,
    "best_val_snr_db_measured_pre_eq_snr_10": 9.999881177008907,
    "best_val_snr_db_measured_post_eq_snr_10": 10.413970609254475,
    "best_val_snr_db_measured_snr_10": 10.413970609254475,
    "best_val_signal_power_pre_eq_snr_10": 0.999999995473065,
    "best_val_noise_power_pre_eq_snr_10": 0.10000277951925615,
    "best_val_signal_power_post_eq_snr_10": 0.999999995473065,
    "best_val_noise_power_post_eq_snr_10": 0.09090822114597392,
    "best_val_mimo_sigma2_snr_10": 0.0999999947940247,
    "best_val_n_tokens_effective_snr_10": 96.0,
    "best_val_n_tokens_full_snr_10": 96.0,
    "best_val_dim_channel_snr_10": 192.0,
    "best_val_tokens_selected_snr_10": 95.0,
    "best_val_tokens_sent_snr_10": 95.0,
    "best_val_tokens_capacity_snr_10": 95.0,
    "best_val_d_sent_snr_10": 192.0,
    "best_val_tokens_sent_excl_cls_snr_10": 95.0,
    "best_val_rate_symbols_multiplier_snr_10": 1.0,
    "best_val_rate_symbols_snr_10": 18240.0,
    "best_val_rate_bits_snr_10": 0.0,
    "best_val_q_symbols_snr_10": 18432.0,
    "best_val_power_alloc_enabled_snr_20": 1.0,
    "best_val_power_alloc_alpha_snr_20": 1.0,
    "best_val_p_mean_snr_20": 0.9999999984910216,
    "best_val_p_min_snr_20": 0.0001732885247741861,
    "best_val_p_max_snr_20": 15.982321156731135,
    "best_val_mode_alloc_enabled_snr_20": 0.0,
    "best_val_mimo_n_tx_snr_20": 1.0,
    "best_val_mimo_T_snr_20": 18432.0,
    "best_val_mimo_L_snr_20": 18432.0,
    "best_val_mimo_L_pad_snr_20": 18432.0,
    "best_val_mimo_pad_symbols_snr_20": 0.0,
    "best_val_mimo_n_rx_snr_20": 1.0,
    "best_val_stream_alloc_enabled_snr_20": 0.0,
    "best_val_stream_alloc_assignment_enabled_snr_20": 0.0,
    "best_val_stream_alloc_power_enabled_snr_20": 0.0,
    "best_val_mimo_mmse_eps_snr_20": 9.999999999999985e-07,
    "best_val_snr_db_target_snr_20": 20.0,
    "best_val_snr_db_measured_pre_eq_snr_20": 19.99971795383888,
    "best_val_snr_db_measured_post_eq_snr_20": 20.0428183350382,
    "best_val_snr_db_measured_snr_20": 20.0428183350382,
    "best_val_signal_power_pre_eq_snr_20": 0.9999999924551083,
    "best_val_noise_power_pre_eq_snr_20": 0.010000653883230083,
    "best_val_signal_power_post_eq_snr_20": 0.9999999924551083,
    "best_val_noise_power_post_eq_snr_20": 0.00990189609553995,
    "best_val_mimo_sigma2_snr_20": 0.009999999776482582,
    "best_val_n_tokens_effective_snr_20": 96.0,
    "best_val_n_tokens_full_snr_20": 96.0,
    "best_val_dim_channel_snr_20": 192.0,
    "best_val_tokens_selected_snr_20": 95.0,
    "best_val_tokens_sent_snr_20": 95.0,
    "best_val_tokens_capacity_snr_20": 95.0,
    "best_val_d_sent_snr_20": 192.0,
    "best_val_tokens_sent_excl_cls_snr_20": 95.0,
    "best_val_rate_symbols_multiplier_snr_20": 1.0,
    "best_val_rate_symbols_snr_20": 18240.0,
    "best_val_rate_bits_snr_20": 0.0,
    "best_val_q_symbols_snr_20": 18432.0,
    "best_train_power_alloc_enabled": 1.0,
    "best_train_power_alloc_alpha": 1.0,