{"tau": 1.9938232128991722, "logits_std": 4.935236858710264, "logits_mean": -0.000608240234844405, "entropy": 0.008515603113116407, "grad_score_head": 0.0009153453538843343, "grad_backbone": 0.09856859357693257, "payload_x_norm": 1518.158687102489, "payload_out_norm": 1396.4644018711188, "payload_diff_norm": 1265.9623250325521, "epoch": 1}
{"tau": 1.9569917164065023, "logits_std": 4.873655573527018, "logits_mean": -0.0007911032701555926, "entropy": 0.0006297437836742006, "grad_score_head": 0.00023169877205251197, "grad_backbone": 0.13522966236640246, "payload_x_norm": 1501.0355672983023, "payload_out_norm": 1375.1200346335386, "payload_diff_norm": 1262.421747784737, "epoch": 2}
{"tau": 1.8848908095309802, "logits_std": 4.844494345249274, "logits_mean": -0.0007387992887136837, "entropy": 0.003421000525238119, "grad_score_head": 0.0010744116222620762, "grad_backbone": 0.14438750896698388, "payload_x_norm": 1525.2131403996393, "payload_out_norm": 1408.024821902544, "payload_diff_norm": 1307.7559819735013, "epoch": 3}
{"tau": 1.7806716478816023, "logits_std": 4.775961234019353, "logits_mean": -0.0007874224849869139, "entropy": 0.00073128830874897, "grad_score_head": 0.0004371696462073005, "grad_backbone": 0.14059268148281637, "payload_x_norm": 1494.6468433086688, "payload_out_norm": 1373.9145474947416, "payload_diff_norm": 1266.4095749096994, "epoch": 4}
{"tau": 1.6488891089214692, "logits_std": 4.751453849596855, "logits_mean": -0.0008373905562807639, "entropy": 0.0001316759906858463, "grad_score_head": 4.0152044957593845e-05, "grad_backbone": 0.13936738121585968, "payload_x_norm": 1510.805759762495, "payload_out_norm": 1374.152055476262, "payload_diff_norm": 1294.4975664970202, "epoch": 5}
{"tau": 1.4953027219659205, "logits_std": 4.720666451331897, "logits_mean": -0.0008384200565230388, "entropy": 0.0013055099139315247, "grad_score_head": 0.00046450753777422263, "grad_backbone": 0.13875558068737007, "payload_x_norm": 1501.684181643755, "payload_out_norm": 1375.1729904566055, "payload_diff_norm": 1274.403614670191, "epoch": 6}
{"tau": 1.326624949114166, "logits_std": 4.678181373156034, "logits_mean": -0.0008588504732753604, "entropy": 0.00017949626436065174, "grad_score_head": 0.00010898261579592901, "grad_backbone": 0.13623041961437615, "payload_x_norm": 1495.3865606845955, "payload_out_norm": 1374.503006294446, "payload_diff_norm": 1264.4161053779799, "epoch": 7}
{"tau": 1.1502278184455834, "logits_std": 4.619373201712584, "logits_mean": -0.0008795264732235899, "entropy": 0.00026027957198788656, "grad_score_head": 4.1505894217672054e-05, "grad_backbone": 0.13688103296817877, "payload_x_norm": 1472.644407379933, "payload_out_norm": 1349.0470526279548, "payload_diff_norm": 1250.6039241301708, "epoch": 8}
{"tau": 0.9738207310177344, "logits_std": 4.552140925480769, "logits_mean": -0.0009088573180353986, "entropy": 0.0009774353344550388, "grad_score_head": 0.0006752561769586638, "grad_backbone": 0.13382860322793325, "payload_x_norm": 1527.2769606370193, "payload_out_norm": 1404.6176995693108, "payload_diff_norm": 1319.352088223971, "epoch": 9}
{"tau": 0.805113523046339, "logits_std": 4.442348482669928, "logits_mean": -0.0009028033510101243, "entropy": 6.120127828908566e-05, "grad_score_head": 5.41499787540636e-05, "grad_backbone": 0.1337716833330118, "payload_x_norm": 1495.6670280260917, "payload_out_norm": 1372.493838266226, "payload_diff_norm": 1294.2386729705029, "epoch": 10}
{"tau": 0.6514795090667488, "logits_std": 4.419342566759158, "logits_mean": -0.0008983788595427401, "entropy": 8.727936733177894e-05, "grad_score_head": 2.1103261600711763e-05, "grad_backbone": 0.13177202970553667, "payload_x_norm": 1502.1354639297876, "payload_out_norm": 1370.7841523781801, "payload_diff_norm": 1306.3442542442908, "epoch": 11}
{"tau": 0.5196332327076637, "logits_std": 4.407431350610195, "logits_mean": -0.000889089989523666, "entropy": 0.0015199203878708326, "grad_score_head": 0.0004216863041391446, "grad_backbone": 0.13671767702087378, "payload_x_norm": 1506.585397964869, "payload_out_norm": 1478.0482208251954, "payload_diff_norm": 1312.6372009179531, "epoch": 12}
{"tau": 0.4153370089146033, "logits_std": 4.247041807419214, "logits_mean": -0.0008772385488741864, "entropy": 0.0019850969702410715, "grad_score_head": 0.0012109187603518193, "grad_backbone": 0.1456959900756677, "payload_x_norm": 1512.349098479442, "payload_out_norm": 1483.9433132073818, "payload_diff_norm": 1317.4442799788255, "epoch": 13}
{"tau": 0.34314908313613235, "logits_std": 4.007759445141524, "logits_mean": -0.0008549065569427629, "entropy": 0.00010383682926397265, "grad_score_head": 8.795059208917556e-05, "grad_backbone": 0.13391013195117316, "payload_x_norm": 1493.2026380490033, "payload_out_norm": 1465.9592611459586, "payload_diff_norm": 1275.5406279148199, "epoch": 14}
{"tau": 0.3062244141248697, "logits_std": 3.991425656661009, "logits_mean": -0.0008579286042218789, "entropy": 8.382342650488101e-05, "grad_score_head": 6.575908346968634e-06, "grad_backbone": 0.13434601615254696, "payload_x_norm": 1508.6907006679437, "payload_out_norm": 1479.7743727463942, "payload_diff_norm": 1313.7422205704909, "epoch": 15}
