{"tau": 1.9938232128991722, "logits_std": 5.109372812662369, "logits_mean": -0.0005808255951662362, "entropy": 0.033213837748919124, "grad_score_head": 0.0021468591083294705, "grad_backbone": 0.12438985849133669, "payload_x_norm": 939.1606701973157, "payload_out_norm": 863.966946098132, "payload_diff_norm": 497.9540489685841, "epoch": 1}
{"tau": 1.9569917164065023, "logits_std": 5.32409948080014, "logits_mean": -0.0006872201536913426, "entropy": 0.021787553660583516, "grad_score_head": 0.0034941468725661158, "grad_backbone": 0.17227743216432057, "payload_x_norm": 911.1209130702874, "payload_out_norm": 839.3808918488331, "payload_diff_norm": 498.30551991584974, "epoch": 2}
{"tau": 1.8848908095309802, "logits_std": 5.58981527426304, "logits_mean": -0.0007212566423755234, "entropy": 0.01811475545221653, "grad_score_head": 0.0034865951570678495, "grad_backbone": 0.18307467601620234, "payload_x_norm": 935.570161320613, "payload_out_norm": 854.2046637901893, "payload_diff_norm": 543.2029401143392, "epoch": 3}
{"tau": 1.7806716478816023, "logits_std": 5.804991225707226, "logits_mean": -0.0006730511853208717, "entropy": 0.01318562727388687, "grad_score_head": 0.002545190955606813, "grad_backbone": 0.15925016208336903, "payload_x_norm": 927.0987098106971, "payload_out_norm": 855.2498240935497, "payload_diff_norm": 514.9493008931478, "epoch": 4}
{"tau": 1.6488891089214692, "logits_std": 5.964952605809921, "logits_mean": -0.0007254181628246816, "entropy": 0.01885481406986797, "grad_score_head": 0.0029263614266363757, "grad_backbone": 0.1638367212544649, "payload_x_norm": 938.749609766251, "payload_out_norm": 859.0784575633513, "payload_diff_norm": 519.3982720399514, "epoch": 5}
{"tau": 1.4953027219659205, "logits_std": 6.193829646477332, "logits_mean": -0.0006987586599559738, "entropy": 0.017868663439861474, "grad_score_head": 0.0021334477847514605, "grad_backbone": 0.16539764371819984, "payload_x_norm": 917.4274236434545, "payload_out_norm": 843.6951477050782, "payload_diff_norm": 476.1515518090664, "epoch": 6}
{"tau": 1.326624949114166, "logits_std": 6.341210655065683, "logits_mean": -0.0004190191519834722, "entropy": 0.01014902708277357, "grad_score_head": 0.0012085180125737702, "grad_backbone": 0.14967863395428047, "payload_x_norm": 901.2997395050832, "payload_out_norm": 830.0103142371545, "payload_diff_norm": 452.4697476118039, "epoch": 7}
{"tau": 1.1502278184455834, "logits_std": 6.423671755423912, "logits_mean": -0.000410553684998423, "entropy": 0.0033190658304299843, "grad_score_head": 0.00030914580567293774, "grad_backbone": 0.1393791290429922, "payload_x_norm": 913.4940709040715, "payload_out_norm": 836.3166720659304, "payload_diff_norm": 429.2765352493677, "epoch": 8}
{"tau": 0.9738207310177344, "logits_std": 6.476276494295169, "logits_mean": -0.0004139859108433414, "entropy": 0.004212586738284322, "grad_score_head": 0.0003973261894669324, "grad_backbone": 0.13321134984875338, "payload_x_norm": 940.2465613731971, "payload_out_norm": 862.0987344595102, "payload_diff_norm": 415.7870132739727, "epoch": 9}
{"tau": 0.805113523046339, "logits_std": 6.484513301115769, "logits_mean": -0.00046201374222082684, "entropy": 0.0011393875409439046, "grad_score_head": 0.00010278834939460126, "grad_backbone": 0.13174957743822, "payload_x_norm": 927.4399490747696, "payload_out_norm": 848.3956798064403, "payload_diff_norm": 397.03014644720616, "epoch": 10}
{"tau": 0.6514795090667488, "logits_std": 6.490238898839706, "logits_mean": -0.0004258684825916321, "entropy": 0.0003676304811036784, "grad_score_head": 2.2593994003208254e-05, "grad_backbone": 0.12962125178713066, "payload_x_norm": 909.419369898087, "payload_out_norm": 834.1051523844401, "payload_diff_norm": 359.69719299903284, "epoch": 11}
{"tau": 0.5196332327076637, "logits_std": 6.493114726971357, "logits_mean": -0.0004326128521755051, "entropy": 0.0007358943529881025, "grad_score_head": 8.391035662602152e-05, "grad_backbone": 0.12953491826088, "payload_x_norm": 916.7247229942909, "payload_out_norm": 899.7349667280148, "payload_diff_norm": 204.44042935493664, "epoch": 12}
{"tau": 0.4153370089146033, "logits_std": 6.506578029730381, "logits_mean": -0.0004332412728287566, "entropy": 0.0006667063116799701, "grad_score_head": 3.403875659342848e-05, "grad_backbone": 0.1310811729576343, "payload_x_norm": 921.036160513071, "payload_out_norm": 903.5326424623147, "payload_diff_norm": 192.16173139718862, "epoch": 13}
{"tau": 0.34314908313613235, "logits_std": 6.512188330674783, "logits_mean": -0.00041026712323610597, "entropy": 0.0003920451266872058, "grad_score_head": 2.1248444182903218e-05, "grad_backbone": 0.13099271070498686, "payload_x_norm": 927.1634743714944, "payload_out_norm": 910.2308727557843, "payload_diff_norm": 182.35987807053786, "epoch": 14}
{"tau": 0.3062244141248697, "logits_std": 6.516372245397323, "logits_mean": -0.0003987005249095651, "entropy": 0.0003622303373321201, "grad_score_head": 9.616155014453206e-06, "grad_backbone": 0.13186425729057727, "payload_x_norm": 928.6552570049579, "payload_out_norm": 911.6562735533103, "payload_diff_norm": 178.02959973261906, "epoch": 15}
