{
    "best_epoch": 11,
    "best_train_accuracy": 0.6380608974358974,
    "best_train_loss": 1.2667203898613268,
    "best_communication_cost": 54912.00000000372,
    "top_imp_frac": 0.0,
    "tokens_sent": 18.0,
    "symbols_sent": 3648.0,
    "symbol_rate": 3456.0,
    "best_val_accuracy": {
        "-5": 0.37935126582278483,
        "0": 0.5720925632911392,
        "10": 0.635185917721519,
        "20": 0.6431962025316456
    },
    "best_val_loss": {
        "-5": 2.435136360458181,
        "0": 1.5362844950036159,
        "10": 1.2637005048462107,
        "20": 1.2386179543748688
    },
    "best_val_power_alloc_enabled_snr_-5": 1.0,
    "best_val_power_alloc_alpha_snr_-5": 1.0,
    "best_val_p_mean_snr_-5": 0.9999999984910216,
    "best_val_p_min_snr_-5": 0.8498262483862382,
    "best_val_p_max_snr_-5": 2.319075821321222,
    "best_val_mode_alloc_enabled_snr_-5": 0.0,
    "best_val_mimo_n_tx_snr_-5": 1.0,
    "best_val_mimo_T_snr_-5": 3648.0,
    "best_val_mimo_L_snr_-5": 3648.0,
    "best_val_mimo_L_pad_snr_-5": 3648.0,
    "best_val_mimo_pad_symbols_snr_-5": 0.0,
    "best_val_mimo_n_rx_snr_-5": 1.0,
    "best_val_stream_alloc_enabled_snr_-5": 0.0,
    "best_val_stream_alloc_assignment_enabled_snr_-5": 0.0,
    "best_val_stream_alloc_power_enabled_snr_-5": 0.0,
    "best_val_mimo_mmse_eps_snr_-5": 9.999999999999985e-07,
    "best_val_snr_db_target_snr_-5": -5.0,
    "best_val_snr_db_measured_pre_eq_snr_-5": -5.000770061830931,
    "best_val_snr_db_measured_post_eq_snr_-5": 1.1933805308764494,
    "best_val_snr_db_measured_snr_-5": 1.1933805308764494,
    "best_val_signal_power_pre_eq_snr_-5": 0.9999999886826624,
    "best_val_noise_power_pre_eq_snr_-5": 3.1628455934645254,
    "best_val_signal_power_post_eq_snr_-5": 0.9999999886826624,
    "best_val_noise_power_post_eq_snr_-5": 0.7597353752655319,
    "best_val_mimo_sigma2_snr_-5": 3.1622776985168457,
    "best_val_n_tokens_effective_snr_-5": 19.0,
    "best_val_n_tokens_full_snr_-5": 19.0,
    "best_val_dim_channel_snr_-5": 192.0,
    "best_val_tokens_selected_snr_-5": 18.0,
    "best_val_tokens_sent_snr_-5": 18.0,
    "best_val_tokens_capacity_snr_-5": 18.0,
    "best_val_d_sent_snr_-5": 192.0,
    "best_val_tokens_sent_excl_cls_snr_-5": 18.0,
    "best_val_rate_symbols_multiplier_snr_-5": 1.0,
    "best_val_rate_symbols_snr_-5": 3456.0,
    "best_val_rate_bits_snr_-5": 0.0,
    "best_val_q_symbols_snr_-5": 3648.0,
    "best_val_power_alloc_enabled_snr_0": 1.0,
    "best_val_power_alloc_alpha_snr_0": 1.0,
    "best_val_p_mean_snr_0": 0.9999999984910216,
    "best_val_p_min_snr_0": 0.8498262483862382,
    "best_val_p_max_snr_0": 2.319075821321222,
    "best_val_mode_alloc_enabled_snr_0": 0.0,
    "best_val_mimo_n_tx_snr_0": 1.0,
    "best_val_mimo_T_snr_0": 3648.0,
    "best_val_mimo_L_snr_0": 3648.0,
    "best_val_mimo_L_pad_snr_0": 3648.0,
    "best_val_mimo_pad_symbols_snr_0": 0.0,
    "best_val_mimo_n_rx_snr_0": 1.0,
    "best_val_stream_alloc_enabled_snr_0": 0.0,
    "best_val_stream_alloc_assignment_enabled_snr_0": 0.0,
    "best_val_stream_alloc_power_enabled_snr_0": 0.0,
    "best_val_mimo_mmse_eps_snr_0": 9.999999999999985e-07,
    "best_val_snr_db_target_snr_0": 0.0,
    "best_val_snr_db_measured_pre_eq_snr_0": -0.001922320296009413,
    "best_val_snr_db_measured_post_eq_snr_0": 3.0102150621293466,
    "best_val_snr_db_measured_snr_0": 3.0102150621293466,
    "best_val_signal_power_pre_eq_snr_0": 0.9999999886826624,
    "best_val_noise_power_pre_eq_snr_0": 1.0004448468172098,
    "best_val_signal_power_post_eq_snr_0": 0.9999999886826624,
    "best_val_noise_power_post_eq_snr_0": 0.5000104436391517,
    "best_val_mimo_sigma2_snr_0": 1.0,
    "best_val_n_tokens_effective_snr_0": 19.0,
    "best_val_n_tokens_full_snr_0": 19.0,
    "best_val_dim_channel_snr_0": 192.0,
    "best_val_tokens_selected_snr_0": 18.0,
    "best_val_tokens_sent_snr_0": 18.0,
    "best_val_tokens_capacity_snr_0": 18.0,
    "best_val_d_sent_snr_0": 192.0,
    "best_val_tokens_sent_excl_cls_snr_0": 18.0,
    "best_val_rate_symbols_multiplier_snr_0": 1.0,
    "best_val_rate_symbols_snr_0": 3456.0,
    "best_val_rate_bits_snr_0": 0.0,
    "best_val_q_symbols_snr_0": 3648.0,
    "best_val_power_alloc_enabled_snr_10": 1.0,
    "best_val_power_alloc_alpha_snr_10": 1.0,
    "best_val_p_mean_snr_10": 0.9999999984910216,
    "best_val_p_min_snr_10": 0.8498262483862382,
    "best_val_p_max_snr_10": 2.319075821321222,
    "best_val_mode_alloc_enabled_snr_10": 0.0,
    "best_val_mimo_n_tx_snr_10": 1.0,
    "best_val_mimo_T_snr_10": 3648.0,
    "best_val_mimo_L_snr_10": 3648.0,
    "best_val_mimo_L_pad_snr_10": 3648.0,
    "best_val_mimo_pad_symbols_snr_10": 0.0,
    "best_val_mimo_n_rx_snr_10": 1.0,
    "best_val_stream_alloc_enabled_snr_10": 0.0,
    "best_val_stream_alloc_assignment_enabled_snr_10": 0.0,
    "best_val_stream_alloc_power_enabled_snr_10": 0.0,
    "best_val_mimo_mmse_eps_snr_10": 9.999999999999985e-07,
    "best_val_snr_db_target_snr_10": 10.0,
    "best_val_snr_db_measured_pre_eq_snr_10": 10.000728691680521,
    "best_val_snr_db_measured_post_eq_snr_10": 10.41489442994323,
    "best_val_snr_db_measured_snr_10": 10.41489442994323,
    "best_val_signal_power_pre_eq_snr_10": 0.9999999886826624,
    "best_val_noise_power_pre_eq_snr_10": 0.09998348770262319,
    "best_val_signal_power_post_eq_snr_10": 0.9999999886826624,
    "best_val_noise_power_post_eq_snr_10": 0.0908890404278719,
    "best_val_mimo_sigma2_snr_10": 0.0999999960200696,
    "best_val_n_tokens_effective_snr_10": 19.0,
    "best_val_n_tokens_full_snr_10": 19.0,
    "best_val_dim_channel_snr_10": 192.0,
    "best_val_tokens_selected_snr_10": 18.0,
    "best_val_tokens_sent_snr_10": 18.0,
    "best_val_tokens_capacity_snr_10": 18.0,
    "best_val_d_sent_snr_10": 192.0,
    "best_val_tokens_sent_excl_cls_snr_10": 18.0,
    "best_val_rate_symbols_multiplier_snr_10": 1.0,
    "best_val_rate_symbols_snr_10": 3456.0,
    "best_val_rate_bits_snr_10": 0.0,
    "best_val_q_symbols_snr_10": 3648.0,
    "best_val_power_alloc_enabled_snr_20": 1.0,
    "best_val_power_alloc_alpha_snr_20": 1.0,
    "best_val_p_mean_snr_20": 0.9999999984910216,
    "best_val_p_min_snr_20": 0.8498262483862382,
    "best_val_p_max_snr_20": 2.319075821321222,
    "best_val_mode_alloc_enabled_snr_20": 0.0,
    "best_val_mimo_n_tx_snr_20": 1.0,
    "best_val_mimo_T_snr_20": 3648.0,
    "best_val_mimo_L_snr_20": 3648.0,
    "best_val_mimo_L_pad_snr_20": 3648.0,
    "best_val_mimo_pad_symbols_snr_20": 0.0,
    "best_val_mimo_n_rx_snr_20": 1.0,
    "best_val_stream_alloc_enabled_snr_20": 0.0,
    "best_val_stream_alloc_assignment_enabled_snr_20": 0.0,
    "best_val_stream_alloc_power_enabled_snr_20": 0.0,
    "best_val_mimo_mmse_eps_snr_20": 9.999999999999985e-07,
    "best_val_snr_db_target_snr_20": 20.0,
    "best_val_snr_db_measured_pre_eq_snr_20": 19.99915434438971,
    "best_val_snr_db_measured_post_eq_snr_20": 20.042355621917338,
    "best_val_snr_db_measured_snr_20": 20.042355621917338,
    "best_val_signal_power_pre_eq_snr_20": 0.9999999886826624,
    "best_val_noise_power_pre_eq_snr_20": 0.01000197538280789,
    "best_val_signal_power_post_eq_snr_20": 0.9999999886826624,
    "best_val_noise_power_post_eq_snr_20": 0.009902974402036848,
    "best_val_mimo_sigma2_snr_20": 0.009999999776482582,
    "best_val_n_tokens_effective_snr_20": 19.0,
    "best_val_n_tokens_full_snr_20": 19.0,
    "best_val_dim_channel_snr_20": 192.0,
    "best_val_tokens_selected_snr_20": 18.0,
    "best_val_tokens_sent_snr_20": 18.0,
    "best_val_tokens_capacity_snr_20": 18.0,
    "best_val_d_sent_snr_20": 192.0,
    "best_val_tokens_sent_excl_cls_snr_20": 18.0,
    "best_val_rate_symbols_multiplier_snr_20": 1.0,
    "best_val_rate_symbols_snr_20": 3456.0,
    "best_val_rate_bits_snr_20": 0.0,
    "best_val_q_symbols_snr_20": 3648.0,
    "best_train_power_alloc_enabled": 1.0,
    "best_train_power_alloc_alpha": 1.0,
    "best_train_p_mean": 0.9999999978603461,