{
    "best_epoch": 11,
    "best_train_accuracy": 0.7408854166666666,
    "best_train_loss": 0.8817396087524219,
    "best_communication_cost": 131678.9759999859,
    "top_imp_frac": 0.0,
    "tokens_sent": 46.0,
    "symbols_sent": 9024.0,
    "symbol_rate": 8832.0,
    "best_val_accuracy": {
        "-5": 0.4264240506329114,
        "0": 0.6365704113924051,
        "10": 0.7005537974683544,
        "20": 0.7089596518987342
    },
    "best_val_loss": {
        "-5": 2.2041144763367084,
        "0": 1.2979580367667765,
        "10": 1.0531581157370458,
        "20": 1.0312680089021031
    },
    "best_val_power_alloc_enabled_snr_-5": 1.0,
    "best_val_power_alloc_alpha_snr_-5": 1.0,
    "best_val_p_mean_snr_-5": 0.9999999932095974,
    "best_val_p_min_snr_-5": 0.7328090773353094,
    "best_val_p_max_snr_-5": 3.1883405522455144,
    "best_val_mode_alloc_enabled_snr_-5": 0.0,
    "best_val_mimo_n_tx_snr_-5": 1.0,
    "best_val_mimo_T_snr_-5": 9024.0,
    "best_val_mimo_L_snr_-5": 9024.0,
    "best_val_mimo_L_pad_snr_-5": 9024.0,
    "best_val_mimo_pad_symbols_snr_-5": 0.0,
    "best_val_mimo_n_rx_snr_-5": 1.0,
    "best_val_stream_alloc_enabled_snr_-5": 0.0,
    "best_val_stream_alloc_assignment_enabled_snr_-5": 0.0,
    "best_val_stream_alloc_power_enabled_snr_-5": 0.0,
    "best_val_mimo_mmse_eps_snr_-5": 9.999999999999985e-07,
    "best_val_snr_db_target_snr_-5": -5.0,
    "best_val_snr_db_measured_pre_eq_snr_-5": -4.99924274034138,
    "best_val_snr_db_measured_post_eq_snr_-5": 1.194163138353372,
    "best_val_snr_db_measured_snr_-5": 1.194163138353372,
    "best_val_signal_power_pre_eq_snr_-5": 0.9999999585030954,
    "best_val_noise_power_pre_eq_snr_-5": 3.1617292241205144,
    "best_val_signal_power_post_eq_snr_-5": 0.9999999585030954,
    "best_val_noise_power_post_eq_snr_-5": 0.7595980650261988,
    "best_val_mimo_sigma2_snr_-5": 3.1622776985168457,
    "best_val_n_tokens_effective_snr_-5": 47.0,
    "best_val_n_tokens_full_snr_-5": 47.0,
    "best_val_dim_channel_snr_-5": 192.0,
    "best_val_tokens_selected_snr_-5": 46.0,
    "best_val_tokens_sent_snr_-5": 46.0,
    "best_val_tokens_capacity_snr_-5": 46.0,
    "best_val_d_sent_snr_-5": 192.0,
    "best_val_tokens_sent_excl_cls_snr_-5": 46.0,
    "best_val_rate_symbols_multiplier_snr_-5": 1.0,
    "best_val_rate_symbols_snr_-5": 8832.0,
    "best_val_rate_bits_snr_-5": 0.0,
    "best_val_q_symbols_snr_-5": 9024.0,
    "best_val_power_alloc_enabled_snr_0": 1.0,
    "best_val_power_alloc_alpha_snr_0": 1.0,
    "best_val_p_mean_snr_0": 0.9999999932095974,
    "best_val_p_min_snr_0": 0.7328090773353094,
    "best_val_p_max_snr_0": 3.1883405522455144,
    "best_val_mode_alloc_enabled_snr_0": 0.0,
    "best_val_mimo_n_tx_snr_0": 1.0,
    "best_val_mimo_T_snr_0": 9024.0,
    "best_val_mimo_L_snr_0": 9024.0,
    "best_val_mimo_L_pad_snr_0": 9024.0,
    "best_val_mimo_pad_symbols_snr_0": 0.0,
    "best_val_mimo_n_rx_snr_0": 1.0,
    "best_val_stream_alloc_enabled_snr_0": 0.0,
    "best_val_stream_alloc_assignment_enabled_snr_0": 0.0,
    "best_val_stream_alloc_power_enabled_snr_0": 0.0,
    "best_val_mimo_mmse_eps_snr_0": 9.999999999999985e-07,
    "best_val_snr_db_target_snr_0": 0.0,
    "best_val_snr_db_measured_pre_eq_snr_0": 0.000688182136826394,
    "best_val_snr_db_measured_post_eq_snr_0": 3.011450945576535,
    "best_val_snr_db_measured_snr_0": 3.011450945576535,
    "best_val_signal_power_pre_eq_snr_0": 0.9999999585030954,
    "best_val_noise_power_pre_eq_snr_0": 0.9998423132715346,
    "best_val_signal_power_post_eq_snr_0": 0.9999999585030954,
    "best_val_noise_power_post_eq_snr_0": 0.49986785386182087,
    "best_val_mimo_sigma2_snr_0": 1.0,
    "best_val_n_tokens_effective_snr_0": 47.0,
    "best_val_n_tokens_full_snr_0": 47.0,
    "best_val_dim_channel_snr_0": 192.0,
    "best_val_tokens_selected_snr_0": 46.0,
    "best_val_tokens_sent_snr_0": 46.0,
    "best_val_tokens_capacity_snr_0": 46.0,
    "best_val_d_sent_snr_0": 192.0,
    "best_val_tokens_sent_excl_cls_snr_0": 46.0,
    "best_val_rate_symbols_multiplier_snr_0": 1.0,
    "best_val_rate_symbols_snr_0": 8832.0,
    "best_val_rate_bits_snr_0": 0.0,
    "best_val_q_symbols_snr_0": 9024.0,
    "best_val_power_alloc_enabled_snr_10": 1.0,
    "best_val_power_alloc_alpha_snr_10": 1.0,
    "best_val_p_mean_snr_10": 0.9999999932095974,
    "best_val_p_min_snr_10": 0.7328090773353094,
    "best_val_p_max_snr_10": 3.1883405522455144,
    "best_val_mode_alloc_enabled_snr_10": 0.0,
    "best_val_mimo_n_tx_snr_10": 1.0,
    "best_val_mimo_T_snr_10": 9024.0,
    "best_val_mimo_L_snr_10": 9024.0,
    "best_val_mimo_L_pad_snr_10": 9024.0,
    "best_val_mimo_pad_symbols_snr_10": 0.0,
    "best_val_mimo_n_rx_snr_10": 1.0,
    "best_val_stream_alloc_enabled_snr_10": 0.0,
    "best_val_stream_alloc_assignment_enabled_snr_10": 0.0,
    "best_val_stream_alloc_power_enabled_snr_10": 0.0,
    "best_val_mimo_mmse_eps_snr_10": 9.999999999999985e-07,
    "best_val_snr_db_target_snr_10": 10.0,
    "best_val_snr_db_measured_pre_eq_snr_10": 9.9998792817321,
    "best_val_snr_db_measured_post_eq_snr_10": 10.413818166225772,
    "best_val_snr_db_measured_snr_10": 10.413818166225772,
    "best_val_signal_power_pre_eq_snr_10": 0.9999999585030954,
    "best_val_noise_power_pre_eq_snr_10": 0.10000292598446713,
    "best_val_signal_power_post_eq_snr_10": 0.9999999585030954,
    "best_val_noise_power_post_eq_snr_10": 0.09091152420526818,
    "best_val_mimo_sigma2_snr_10": 0.10000000563980657,
    "best_val_n_tokens_effective_snr_10": 47.0,
    "best_val_n_tokens_full_snr_10": 47.0,
    "best_val_dim_channel_snr_10": 192.0,
    "best_val_tokens_selected_snr_10": 46.0,
    "best_val_tokens_sent_snr_10": 46.0,
    "best_val_tokens_capacity_snr_10": 46.0,
    "best_val_d_sent_snr_10": 192.0,
    "best_val_tokens_sent_excl_cls_snr_10": 46.0,
    "best_val_rate_symbols_multiplier_snr_10": 1.0,
    "best_val_rate_symbols_snr_10": 8832.0,
    "best_val_rate_bits_snr_10": 0.0,
    "best_val_q_symbols_snr_10": 9024.0,
    "best_val_power_alloc_enabled_snr_20": 1.0,
    "best_val_power_alloc_alpha_snr_20": 1.0,
    "best_val_p_mean_snr_20": 0.9999999932095974,
    "best_val_p_min_snr_20": 0.7328090773353094,
    "best_val_p_max_snr_20": 3.1883405522455144,
    "best_val_mode_alloc_enabled_snr_20": 0.0,
    "best_val_mimo_n_tx_snr_20": 1.0,
    "best_val_mimo_T_snr_20": 9024.0,
    "best_val_mimo_L_snr_20": 9024.0,
    "best_val_mimo_L_pad_snr_20": 9024.0,
    "best_val_mimo_pad_symbols_snr_20": 0.0,
    "best_val_mimo_n_rx_snr_20": 1.0,
    "best_val_stream_alloc_enabled_snr_20": 0.0,
    "best_val_stream_alloc_assignment_enabled_snr_20": 0.0,
    "best_val_stream_alloc_power_enabled_snr_20": 0.0,
    "best_val_mimo_mmse_eps_snr_20": 9.999999999999985e-07,
    "best_val_snr_db_target_snr_20": 20.0,
    "best_val_snr_db_measured_pre_eq_snr_20": 19.999392980261693,
    "best_val_snr_db_measured_post_eq_snr_20": 20.04272118097619,
    "best_val_snr_db_measured_snr_20": 20.04272118097619,
    "best_val_signal_power_pre_eq_snr_20": 0.9999999585030954,
    "best_val_noise_power_pre_eq_snr_20": 0.010001408678915682,
    "best_val_signal_power_post_eq_snr_20": 0.9999999585030954,
    "best_val_noise_power_post_eq_snr_20": 0.00990212416347069,
    "best_val_mimo_sigma2_snr_20": 0.009999999776482582,
    "best_val_n_tokens_effective_snr_20": 47.0,
    "best_val_n_tokens_full_snr_20": 47.0,
    "best_val_dim_channel_snr_20": 192.0,
    "best_val_tokens_selected_snr_20": 46.0,
    "best_val_tokens_sent_snr_20": 46.0,
    "best_val_tokens_capacity_snr_20": 46.0,
    "best_val_d_sent_snr_20": 192.0,
    "best_val_tokens_sent_excl_cls_snr_20": 46.0,
    "best_val_rate_symbols_multiplier_snr_20": 1.0,
    "best_val_rate_symbols_snr_20": 8832.0,
    "best_val_rate_bits_snr_20": 0.0,
    "best_val_q_symbols_snr_20": 9024.0,
    "best_train_power_alloc_enabled": 1.0,
    "best_train_power_alloc_alpha": 1.0,
    "best_train_p_mean": 0.999999996026357,
    "best_train_p_min": 0.7698990618571256,