{"payload_x_norm": 1074.7427978515625, "payload_out_norm": 990.5917600974059, "payload_diff_norm": 369.80368544749723, "epoch": 1}
{"payload_x_norm": 1074.7427978515625, "payload_out_norm": 988.6553377591647, "payload_diff_norm": 367.84552393204126, "epoch": 2}
{"payload_x_norm": 1074.7427978515625, "payload_out_norm": 983.6259818835136, "payload_diff_norm": 386.265965623122, "epoch": 3}
{"payload_x_norm": 1074.7427978515625, "payload_out_norm": 996.1850574982471, "payload_diff_norm": 358.0260340959598, "epoch": 4}
{"payload_x_norm": 1074.7427978515625, "payload_out_norm": 982.5422026805388, "payload_diff_norm": 390.2149718455779, "epoch": 5}
{"payload_x_norm": 1074.7427978515625, "payload_out_norm": 995.5505342923678, "payload_diff_norm": 354.3884436974159, "epoch": 6}
{"payload_x_norm": 1074.7427978515625, "payload_out_norm": 990.445351938101, "payload_diff_norm": 376.0078373053135, "epoch": 7}
{"payload_x_norm": 1074.7427978515625, "payload_out_norm": 985.7901616023137, "payload_diff_norm": 388.2688106047801, "epoch": 8}
{"payload_x_norm": 1074.7427978515625, "payload_out_norm": 995.1294001652644, "payload_diff_norm": 367.03028877453926, "epoch": 9}
{"payload_x_norm": 1074.7427978515625, "payload_out_norm": 990.9937520345052, "payload_diff_norm": 375.0250273093199, "epoch": 10}
{"payload_x_norm": 1074.7427978515625, "payload_out_norm": 987.9475560897436, "payload_diff_norm": 382.85650599553037, "epoch": 11}
{"payload_x_norm": 1074.7427978515625, "payload_out_norm": 1054.4044076772836, "payload_diff_norm": 220.36992441813152, "epoch": 12}
{"payload_x_norm": 1074.7427978515625, "payload_out_norm": 1054.836279296875, "payload_diff_norm": 213.336987109062, "epoch": 13}
{"payload_x_norm": 1074.7427975385617, "payload_out_norm": 1054.6582798101963, "payload_diff_norm": 218.9958923339844, "epoch": 14}
{"payload_x_norm": 1074.7427975385617, "payload_out_norm": 1053.5764732947716, "payload_diff_norm": 221.8105502397586, "epoch": 15}
