{
    "best_epoch": 14,
    "best_train_accuracy": 0.7015825320512821,
    "best_train_loss": 1.0236057503101152,
    "best_communication_cost": 69888.00000000712,
    "top_imp_frac": 0.0,
    "tokens_sent": 19.0,
    "symbols_sent": 3840.0,
    "symbol_rate": 3648.0,
    "best_val_accuracy": {
        "-5": 0.24960443037974683,
        "0": 0.5555775316455697,
        "10": 0.6490308544303798,
        "20": 0.6580300632911392
    },
    "best_val_loss": {
        "-5": 3.077031512803669,
        "0": 1.6115330231340625,
        "10": 1.2577268858499164,
        "20": 1.2246817750266836
    },
    "best_val_power_alloc_enabled_snr_-5": 1.0,
    "best_val_power_alloc_alpha_snr_-5": 1.0,
    "best_val_p_mean_snr_-5": 1.0000000030179568,
    "best_val_p_min_snr_-5": 0.00010554441541898996,
    "best_val_p_max_snr_-5": 1.834650694569455,
    "best_val_mode_alloc_enabled_snr_-5": 0.0,
    "best_val_mimo_n_tx_snr_-5": 1.0,
    "best_val_mimo_T_snr_-5": 3840.0,
    "best_val_mimo_L_snr_-5": 3840.0,
    "best_val_mimo_L_pad_snr_-5": 3840.0,
    "best_val_mimo_pad_symbols_snr_-5": 0.0,
    "best_val_mimo_n_rx_snr_-5": 1.0,
    "best_val_stream_alloc_enabled_snr_-5": 0.0,
    "best_val_stream_alloc_assignment_enabled_snr_-5": 0.0,
    "best_val_stream_alloc_power_enabled_snr_-5": 0.0,
    "best_val_mimo_mmse_eps_snr_-5": 9.999999999999985e-07,
    "best_val_snr_db_target_snr_-5": -5.0,
    "best_val_snr_db_measured_pre_eq_snr_-5": -4.999402016024046,
    "best_val_snr_db_measured_post_eq_snr_-5": 1.1939208567896975,
    "best_val_snr_db_measured_snr_-5": 1.1939208567896975,
    "best_val_signal_power_pre_eq_snr_-5": 0.9999999856647057,
    "best_val_noise_power_pre_eq_snr_-5": 3.161850207968603,
    "best_val_signal_power_post_eq_snr_-5": 0.9999999856647057,
    "best_val_noise_power_post_eq_snr_-5": 0.7596407344069662,
    "best_val_mimo_sigma2_snr_-5": 3.162277695498889,
    "best_val_n_tokens_effective_snr_-5": 20.0,
    "best_val_n_tokens_full_snr_-5": 20.0,
    "best_val_dim_channel_snr_-5": 192.0,
    "best_val_tokens_selected_snr_-5": 19.0,
    "best_val_tokens_sent_snr_-5": 19.0,
    "best_val_tokens_capacity_snr_-5": 19.0,
    "best_val_d_sent_snr_-5": 192.0,
    "best_val_tokens_sent_excl_cls_snr_-5": 19.0,
    "best_val_rate_symbols_multiplier_snr_-5": 1.0,
    "best_val_rate_symbols_snr_-5": 3648.0,
    "best_val_rate_bits_snr_-5": 0.0,
    "best_val_q_symbols_snr_-5": 3840.0,
    "best_val_power_alloc_enabled_snr_0": 1.0,
    "best_val_power_alloc_alpha_snr_0": 1.0,
    "best_val_p_mean_snr_0": 1.000000004526935,
    "best_val_p_min_snr_0": 0.00010554441541898996,
    "best_val_p_max_snr_0": 1.8283037113237985,
    "best_val_mode_alloc_enabled_snr_0": 0.0,
    "best_val_mimo_n_tx_snr_0": 1.0,
    "best_val_mimo_T_snr_0": 3840.0,
    "best_val_mimo_L_snr_0": 3840.0,
    "best_val_mimo_L_pad_snr_0": 3840.0,
    "best_val_mimo_pad_symbols_snr_0": 0.0,
    "best_val_mimo_n_rx_snr_0": 1.0,
    "best_val_stream_alloc_enabled_snr_0": 0.0,
    "best_val_stream_alloc_assignment_enabled_snr_0": 0.0,
    "best_val_stream_alloc_power_enabled_snr_0": 0.0,
    "best_val_mimo_mmse_eps_snr_0": 9.999999999999985e-07,
    "best_val_snr_db_target_snr_0": 0.0,
    "best_val_snr_db_measured_pre_eq_snr_0": -0.0007919723873875469,
    "best_val_snr_db_measured_post_eq_snr_0": 3.0098605970793133,
    "best_val_snr_db_measured_snr_0": 3.0098605970793133,
    "best_val_signal_power_pre_eq_snr_0": 0.9999999796287923,
    "best_val_noise_power_pre_eq_snr_0": 1.0001840621610232,
    "best_val_signal_power_post_eq_snr_0": 0.9999999796287923,
    "best_val_noise_power_post_eq_snr_0": 0.5000516285624685,
    "best_val_mimo_sigma2_snr_0": 1.0,
    "best_val_n_tokens_effective_snr_0": 20.0,
    "best_val_n_tokens_full_snr_0": 20.0,
    "best_val_dim_channel_snr_0": 192.0,
    "best_val_tokens_selected_snr_0": 19.0,
    "best_val_tokens_sent_snr_0": 19.0,
    "best_val_tokens_capacity_snr_0": 19.0,
    "best_val_d_sent_snr_0": 192.0,
    "best_val_tokens_sent_excl_cls_snr_0": 19.0,
    "best_val_rate_symbols_multiplier_snr_0": 1.0,
    "best_val_rate_symbols_snr_0": 3648.0,
    "best_val_rate_bits_snr_0": 0.0,
    "best_val_q_symbols_snr_0": 3840.0,
    "best_val_power_alloc_enabled_snr_10": 1.0,
    "best_val_power_alloc_alpha_snr_10": 1.0,
    "best_val_p_mean_snr_10": 1.0000000105628484,
    "best_val_p_min_snr_10": 0.00010554441541898996,
    "best_val_p_max_snr_10": 1.8394245135633251,
    "best_val_mode_alloc_enabled_snr_10": 0.0,
    "best_val_mimo_n_tx_snr_10": 1.0,
    "best_val_mimo_T_snr_10": 3840.0,
    "best_val_mimo_L_snr_10": 3840.0,
    "best_val_mimo_L_pad_snr_10": 3840.0,
    "best_val_mimo_pad_symbols_snr_10": 0.0,
    "best_val_mimo_n_rx_snr_10": 1.0,
    "best_val_stream_alloc_enabled_snr_10": 0.0,
    "best_val_stream_alloc_assignment_enabled_snr_10": 0.0,
    "best_val_stream_alloc_power_enabled_snr_10": 0.0,
    "best_val_mimo_mmse_eps_snr_10": 9.999999999999985e-07,
    "best_val_snr_db_target_snr_10": 10.0,
    "best_val_snr_db_measured_pre_eq_snr_10": 10.001638557337508,
    "best_val_snr_db_measured_post_eq_snr_10": 10.416021250471283,
    "best_val_snr_db_measured_snr_10": 10.416021250471283,
    "best_val_signal_power_pre_eq_snr_10": 0.9999999803832814,
    "best_val_noise_power_pre_eq_snr_10": 0.09996243651154675,
    "best_val_signal_power_post_eq_snr_10": 0.9999999803832814,
    "best_val_noise_power_post_eq_snr_10": 0.09086541114728662,
    "best_val_mimo_sigma2_snr_10": 0.09999999413384666,
    "best_val_n_tokens_effective_snr_10": 20.0,
    "best_val_n_tokens_full_snr_10": 20.0,
    "best_val_dim_channel_snr_10": 192.0,
    "best_val_tokens_selected_snr_10": 19.0,
    "best_val_tokens_sent_snr_10": 19.0,
    "best_val_tokens_capacity_snr_10": 19.0,
    "best_val_d_sent_snr_10": 192.0,
    "best_val_tokens_sent_excl_cls_snr_10": 19.0,
    "best_val_rate_symbols_multiplier_snr_10": 1.0,
    "best_val_rate_symbols_snr_10": 3648.0,
    "best_val_rate_bits_snr_10": 0.0,
    "best_val_q_symbols_snr_10": 3840.0,
    "best_val_power_alloc_enabled_snr_20": 1.0,
    "best_val_power_alloc_alpha_snr_20": 1.0,
    "best_val_p_mean_snr_20": 1.0000000075448918,
    "best_val_p_min_snr_20": 0.00010554441541898996,
    "best_val_p_max_snr_20": 1.8129057823857175,
    "best_val_mode_alloc_enabled_snr_20": 0.0,
    "best_val_mimo_n_tx_snr_20": 1.0,
    "best_val_mimo_T_snr_20": 3840.0,
    "best_val_mimo_L_snr_20": 3840.0,
    "best_val_mimo_L_pad_snr_20": 3840.0,
    "best_val_mimo_pad_symbols_snr_20": 0.0,
    "best_val_mimo_n_rx_snr_20": 1.0,
    "best_val_stream_alloc_enabled_snr_20": 0.0,
    "best_val_stream_alloc_assignment_enabled_snr_20": 0.0,
    "best_val_stream_alloc_power_enabled_snr_20": 0.0,
    "best_val_mimo_mmse_eps_snr_20": 9.999999999999985e-07,
    "best_val_snr_db_target_snr_20": 20.0,
    "best_val_snr_db_measured_pre_eq_snr_20": 19.99824601185473,
    "best_val_snr_db_measured_post_eq_snr_20": 20.04146295861353,
    "best_val_snr_db_measured_snr_20": 20.04146295861353,
    "best_val_signal_power_pre_eq_snr_20": 0.9999999834012382,
    "best_val_noise_power_pre_eq_snr_20": 0.010004057313162314,
    "best_val_signal_power_post_eq_snr_20": 0.9999999834012382,
    "best_val_noise_power_post_eq_snr_20": 0.009904998885113982,
    "best_val_mimo_sigma2_snr_20": 0.009999999776482582,
    "best_val_n_tokens_effective_snr_20": 20.0,
    "best_val_n_tokens_full_snr_20": 20.0,
    "best_val_dim_channel_snr_20": 192.0,
    "best_val_tokens_selected_snr_20": 19.0,
    "best_val_tokens_sent_snr_20": 19.0,
    "best_val_tokens_capacity_snr_20": 19.0,
    "best_val_d_sent_snr_20": 192.0,
    "best_val_tokens_sent_excl_cls_snr_20": 19.0,
    "best_val_rate_symbols_multiplier_snr_20": 1.0,
    "best_val_rate_symbols_snr_20": 3648.0,
    "best_val_rate_bits_snr_20": 0.0,
    "best_val_q_symbols_snr_20": 3840.0,
    "best_train_power_alloc_enabled": 1.0,
    "best_train_power_alloc_alpha": 1.0,
    "best_train_p_mean": 1.0000000125322586,