{"tau": 1.9938232128991722, "logits_std": 4.968239478575877, "logits_mean": -0.00033790475651311423, "entropy": 0.01773794183709256, "grad_score_head": 0.00014599009705378236, "grad_backbone": 0.12797772432319246, "payload_x_norm": 939.1606709015675, "payload_out_norm": 868.4587403908754, "payload_diff_norm": 464.36392187460876, "epoch": 1}
{"tau": 1.9569917164065023, "logits_std": 4.96947546127515, "logits_mean": -0.00015378935334014478, "entropy": 0.00010221940181840458, "grad_score_head": 1.0635832944880597e-05, "grad_backbone": 0.16450466032211597, "payload_x_norm": 911.1209117400341, "payload_out_norm": 829.9231517302684, "payload_diff_norm": 462.01690376477364, "epoch": 2}
{"tau": 1.8848908095309802, "logits_std": 4.972119078269372, "logits_mean": -0.000103148873406393, "entropy": 0.00017542572151205295, "grad_score_head": 1.4864707024828615e-05, "grad_backbone": 0.15687379617339525, "payload_x_norm": 935.5701613988632, "payload_out_norm": 855.6055441831932, "payload_diff_norm": 470.07399178529397, "epoch": 3}
{"tau": 1.7806716478816023, "logits_std": 4.967985694836347, "logits_mean": -4.249301271160314e-05, "entropy": 0.0009613669653716868, "grad_score_head": 0.00013018950042659226, "grad_backbone": 0.15790203765798838, "payload_x_norm": 927.0987094194461, "payload_out_norm": 848.063051976913, "payload_diff_norm": 485.4563128153483, "epoch": 4}
{"tau": 1.6488891089214692, "logits_std": 4.946135031871306, "logits_mean": -0.0002647478395747618, "entropy": 0.0020899009870640863, "grad_score_head": 0.00020551697060168324, "grad_backbone": 0.1550485362800268, "payload_x_norm": 938.7496108617538, "payload_out_norm": 862.9869951297076, "payload_diff_norm": 494.28640760764097, "epoch": 5}
{"tau": 1.4953027219659205, "logits_std": 4.910931532199566, "logits_mean": -0.00031181431400816506, "entropy": 0.00017500868871504877, "grad_score_head": 1.430923377022632e-05, "grad_backbone": 0.15138285780946414, "payload_x_norm": 917.4274220002003, "payload_out_norm": 842.73467188126, "payload_diff_norm": 485.35424794906226, "epoch": 6}
{"tau": 1.326624949114166, "logits_std": 4.911747377346724, "logits_mean": -0.00035715853752126583, "entropy": 0.0004500828455378042, "grad_score_head": 0.00011747286197752635, "grad_backbone": 0.1523036233125589, "payload_x_norm": 901.2997384095803, "payload_out_norm": 833.5825509878305, "payload_diff_norm": 470.40188303238307, "epoch": 7}
{"tau": 1.1502278184455834, "logits_std": 4.8772964281913564, "logits_mean": -0.0003527854962531143, "entropy": 0.0008105966500924948, "grad_score_head": 8.210328209509714e-05, "grad_backbone": 0.14648428033941832, "payload_x_norm": 913.4940716083233, "payload_out_norm": 834.9517039763622, "payload_diff_norm": 506.54717393532775, "epoch": 8}
{"tau": 0.9738207310177344, "logits_std": 4.904858530484713, "logits_mean": -0.0004917044235088935, "entropy": 0.00018345009344162227, "grad_score_head": 1.68945650535914e-05, "grad_backbone": 0.1400366598023818, "payload_x_norm": 940.2465628599509, "payload_out_norm": 864.3314823248447, "payload_diff_norm": 510.9655008169321, "epoch": 9}
{"tau": 0.805113523046339, "logits_std": 4.898286489339975, "logits_mean": -0.0005924489416289501, "entropy": 0.00020884407354832988, "grad_score_head": 2.5600323514328095e-05, "grad_backbone": 0.1416125520872764, "payload_x_norm": 927.4399497007712, "payload_out_norm": 855.7577489608374, "payload_diff_norm": 529.4271745926295, "epoch": 10}
{"tau": 0.6514795090667488, "logits_std": 4.88375772574009, "logits_mean": -0.0006385975551660149, "entropy": 0.00014893363653923738, "grad_score_head": 6.030552626302634e-05, "grad_backbone": 0.1403828545067555, "payload_x_norm": 909.4193695850861, "payload_out_norm": 834.1292989877554, "payload_diff_norm": 537.1181782844739, "epoch": 11}
{"tau": 0.5196332327076637, "logits_std": 4.805530107938326, "logits_mean": -0.0007027830531557974, "entropy": 0.004164213747753196, "grad_score_head": 0.0007552284768428721, "grad_backbone": 0.14554793185148485, "payload_x_norm": 916.7247227595402, "payload_out_norm": 899.638958974985, "payload_diff_norm": 479.21664076585034, "epoch": 12}
{"tau": 0.4153370089146033, "logits_std": 4.767335220483633, "logits_mean": -0.0007740644614200275, "entropy": 0.002232835473736226, "grad_score_head": 0.0003472385573041354, "grad_backbone": 0.14612369052110574, "payload_x_norm": 921.0361616868239, "payload_out_norm": 902.4940194154397, "payload_diff_norm": 495.60925795726286, "epoch": 13}
{"tau": 0.34314908313613235, "logits_std": 4.768570419458243, "logits_mean": -0.0008583938243249671, "entropy": 0.00014717691748823418, "grad_score_head": 7.906581053444658e-05, "grad_backbone": 0.14617767775287996, "payload_x_norm": 927.1634751539964, "payload_out_norm": 909.511809754983, "payload_diff_norm": 521.3327525799091, "epoch": 14}
{"tau": 0.3062244141248697, "logits_std": 4.757626240070049, "logits_mean": -0.000927000414305486, "entropy": 0.00030244890066779894, "grad_score_head": 4.251210560806577e-05, "grad_backbone": 0.14704281091690063, "payload_x_norm": 928.6552569267077, "payload_out_norm": 911.1456372383313, "payload_diff_norm": 563.2995630313188, "epoch": 15}
