{
    "best_epoch": 11,
    "best_train_accuracy": 0.8948116987179487,
    "best_train_loss": 0.3437000626554856,
    "best_communication_cost": 549120,
    "top_imp_frac": 0.0,
    "tokens_sent": 0,
    "symbols_sent": 0,
    "symbol_rate": 0.0,
    "best_val_accuracy": 0.834256329113924,
    "best_val_loss": 0.587744541371925
}