{
    "Train losses": [
        2.2537588027807383,
        1.065245933104784,
        0.8352257775954711,
        0.7115399193305235,
        0.6162251406755203,
        0.5454087972640991,
        0.4916060303266232,
        0.44822820959947046,
        0.4063571903950129,
        0.3734398338275078,
        0.3437000626554856,
        0.3184622681293732,
        0.28989298865199087,
        0.2728504125888531,
        0.2549091786719285
    ],
    "Train accuracies": [
        0.47768429487179487,
        0.7101963141025641,
        0.7596554487179488,
        0.7919070512820513,
        0.8179487179487179,
        0.837079326923077,
        0.8516826923076923,
        0.8644431089743589,
        0.8776442307692308,
        0.8846153846153846,
        0.8948116987179487,
        0.9018028846153846,
        0.91171875,
        0.9168469551282051,
        0.9221153846153847
    ],
    "Val losses": [
        1.051214008391658,
        0.8045917115634,
        0.6991112903703617,
        0.6621561125863956,
        0.642947070206268,
        0.6128580383484876,
        0.6238666452184508,
        0.6131772099039222,
        0.5973829368624506,
        0.6030169500957562,
        0.587744541371925,
        0.6156484399792514,
        0.6325673536409305,
        0.6281453904849065,
        0.6332478917474988
    ],
    "Val accuracies": [
        0.7228045886075949,
        0.7705696202531646,
        0.7902492088607594,
        0.8013251582278481,
        0.8124011075949367,
        0.817939082278481,
        0.8138844936708861,
        0.8207080696202531,
        0.8243670886075949,
        0.8236748417721519,
        0.834256329113924,
        0.8261471518987342,
        0.8236748417721519,
        0.8303006329113924,
        0.8293117088607594
    ],
    "Communication cost": [
        49920,
        99840,
        149760,
        199680,
        249600,
        299520,
        349440,
        399360,
        449280,
        499200,
        549120,
        599040,
        648960,
        698880,
        748800
    ],
    "Compression": 1,
    "best_epoch": 11,
    "best_train_accuracy": 0.8948116987179487,
    "best_train_loss": 0.3437000626554856,
    "best_communication_cost": 549120,
    "top_imp_frac": 0.0,
    "tokens_sent": 0,
    "symbols_sent": 0,
    "symbol_rate": 0.0,
    "best_val_accuracy": 0.834256329113924,
    "best_val_loss": 0.587744541371925
}