{
    "best_epoch": 15,
    "best_train_accuracy": 0.6588541666666666,
    "best_train_loss": 1.185515309449954,
    "best_communication_cost": 74880.00000000825,
    "top_imp_frac": 0.0,
    "tokens_sent": 19.0,
    "symbols_sent": 3840.0,
    "symbol_rate": 3648.0,
    "best_val_accuracy": {
        "-5": 0.4224683544303797,
        "0": 0.5999802215189873,
        "10": 0.678995253164557,
        "20": 0.6833465189873418
    },
    "best_val_loss": {
        "-5": 2.215486873554278,
        "0": 1.4062295835229415,
        "10": 1.0943038863471792,
        "20": 1.077672363836554
    },
    "best_val_power_alloc_enabled_snr_-5": 1.0,
    "best_val_power_alloc_alpha_snr_-5": 1.0,
    "best_val_p_mean_snr_-5": 0.9999999984910216,
    "best_val_p_min_snr_-5": 0.02924641185216134,
    "best_val_p_max_snr_-5": 12.229473560671263,
    "best_val_mode_alloc_enabled_snr_-5": 0.0,
    "best_val_mimo_n_tx_snr_-5": 1.0,
    "best_val_mimo_T_snr_-5": 3840.0,
    "best_val_mimo_L_snr_-5": 3840.0,
    "best_val_mimo_L_pad_snr_-5": 3840.0,
    "best_val_mimo_pad_symbols_snr_-5": 0.0,
    "best_val_mimo_n_rx_snr_-5": 1.0,
    "best_val_stream_alloc_enabled_snr_-5": 0.0,
    "best_val_stream_alloc_assignment_enabled_snr_-5": 0.0,
    "best_val_stream_alloc_power_enabled_snr_-5": 0.0,
    "best_val_mimo_mmse_eps_snr_-5": 9.999999999999985e-07,
    "best_val_snr_db_target_snr_-5": -5.0,
    "best_val_snr_db_measured_pre_eq_snr_-5": -5.000864529911476,
    "best_val_snr_db_measured_post_eq_snr_-5": 1.1938718617716921,
    "best_val_snr_db_measured_snr_-5": 1.1938718617716921,
    "best_val_signal_power_pre_eq_snr_-5": 0.9999999864191949,
    "best_val_noise_power_pre_eq_snr_-5": 3.162914623188067,
    "best_val_signal_power_post_eq_snr_-5": 0.9999999864191949,
    "best_val_noise_power_post_eq_snr_-5": 0.7596496117265918,
    "best_val_mimo_sigma2_snr_-5": 3.1622776985168457,
    "best_val_n_tokens_effective_snr_-5": 20.0,
    "best_val_n_tokens_full_snr_-5": 20.0,
    "best_val_dim_channel_snr_-5": 192.0,
    "best_val_tokens_selected_snr_-5": 19.0,
    "best_val_tokens_sent_snr_-5": 19.0,
    "best_val_tokens_capacity_snr_-5": 19.0,
    "best_val_d_sent_snr_-5": 192.0,
    "best_val_tokens_sent_excl_cls_snr_-5": 19.0,
    "best_val_rate_symbols_multiplier_snr_-5": 1.0,
    "best_val_rate_symbols_snr_-5": 3648.0,
    "best_val_rate_bits_snr_-5": 0.0,
    "best_val_q_symbols_snr_-5": 3840.0,
    "best_val_power_alloc_enabled_snr_0": 1.0,
    "best_val_power_alloc_alpha_snr_0": 1.0,
    "best_val_p_mean_snr_0": 1.0,
    "best_val_p_min_snr_0": 0.03020277006339423,
    "best_val_p_max_snr_0": 11.992023926746997,
    "best_val_mode_alloc_enabled_snr_0": 0.0,
    "best_val_mimo_n_tx_snr_0": 1.0,
    "best_val_mimo_T_snr_0": 3840.0,
    "best_val_mimo_L_snr_0": 3840.0,
    "best_val_mimo_L_pad_snr_0": 3840.0,
    "best_val_mimo_pad_symbols_snr_0": 0.0,
    "best_val_mimo_n_rx_snr_0": 1.0,
    "best_val_stream_alloc_enabled_snr_0": 0.0,
    "best_val_stream_alloc_assignment_enabled_snr_0": 0.0,
    "best_val_stream_alloc_power_enabled_snr_0": 0.0,
    "best_val_mimo_mmse_eps_snr_0": 9.999999999999985e-07,
    "best_val_snr_db_target_snr_0": 0.0,
    "best_val_snr_db_measured_pre_eq_snr_0": -0.0018494687473425005,
    "best_val_snr_db_measured_post_eq_snr_0": 3.0087947030610676,
    "best_val_snr_db_measured_snr_0": 3.0087947030610676,
    "best_val_signal_power_pre_eq_snr_0": 0.9999999856647057,
    "best_val_noise_power_pre_eq_snr_0": 1.0004282359835468,
    "best_val_signal_power_post_eq_snr_0": 0.9999999856647057,
    "best_val_noise_power_post_eq_snr_0": 0.5001743684841108,
    "best_val_mimo_sigma2_snr_0": 1.0,
    "best_val_n_tokens_effective_snr_0": 20.0,
    "best_val_n_tokens_full_snr_0": 20.0,
    "best_val_dim_channel_snr_0": 192.0,
    "best_val_tokens_selected_snr_0": 19.0,
    "best_val_tokens_sent_snr_0": 19.0,
    "best_val_tokens_capacity_snr_0": 19.0,
    "best_val_d_sent_snr_0": 192.0,
    "best_val_tokens_sent_excl_cls_snr_0": 19.0,
    "best_val_rate_symbols_multiplier_snr_0": 1.0,
    "best_val_rate_symbols_snr_0": 3648.0,
    "best_val_rate_bits_snr_0": 0.0,
    "best_val_q_symbols_snr_0": 3840.0,
    "best_val_power_alloc_enabled_snr_10": 1.0,
    "best_val_power_alloc_alpha_snr_10": 1.0,
    "best_val_p_mean_snr_10": 0.9999999969820433,
    "best_val_p_min_snr_10": 0.028961832104604457,
    "best_val_p_max_snr_10": 12.101010117349745,
    "best_val_mode_alloc_enabled_snr_10": 0.0,
    "best_val_mimo_n_tx_snr_10": 1.0,
    "best_val_mimo_T_snr_10": 3840.0,
    "best_val_mimo_L_snr_10": 3840.0,
    "best_val_mimo_L_pad_snr_10": 3840.0,
    "best_val_mimo_pad_symbols_snr_10": 0.0,
    "best_val_mimo_n_rx_snr_10": 1.0,
    "best_val_stream_alloc_enabled_snr_10": 0.0,
    "best_val_stream_alloc_assignment_enabled_snr_10": 0.0,
    "best_val_stream_alloc_power_enabled_snr_10": 0.0,
    "best_val_mimo_mmse_eps_snr_10": 9.999999999999985e-07,
    "best_val_snr_db_target_snr_10": 10.0,
    "best_val_snr_db_measured_pre_eq_snr_10": 9.99889719033543,
    "best_val_snr_db_measured_post_eq_snr_10": 10.412760372403302,
    "best_val_snr_db_measured_snr_10": 10.412760372403302,
    "best_val_signal_power_pre_eq_snr_10": 0.999999987173684,
    "best_val_noise_power_pre_eq_snr_10": 0.1000256416729734,
    "best_val_signal_power_post_eq_snr_10": 0.999999987173684,
    "best_val_noise_power_post_eq_snr_10": 0.09093373249980467,
    "best_val_mimo_sigma2_snr_10": 0.09999999422815782,
    "best_val_n_tokens_effective_snr_10": 20.0,
    "best_val_n_tokens_full_snr_10": 20.0,
    "best_val_dim_channel_snr_10": 192.0,
    "best_val_tokens_selected_snr_10": 19.0,
    "best_val_tokens_sent_snr_10": 19.0,
    "best_val_tokens_capacity_snr_10": 19.0,
    "best_val_d_sent_snr_10": 192.0,
    "best_val_tokens_sent_excl_cls_snr_10": 19.0,
    "best_val_rate_symbols_multiplier_snr_10": 1.0,
    "best_val_rate_symbols_snr_10": 3648.0,
    "best_val_rate_bits_snr_10": 0.0,
    "best_val_q_symbols_snr_10": 3840.0,
    "best_val_power_alloc_enabled_snr_20": 1.0,
    "best_val_power_alloc_alpha_snr_20": 1.0,
    "best_val_p_mean_snr_20": 1.0,
    "best_val_p_min_snr_20": 0.028439214123012143,
    "best_val_p_max_snr_20": 12.003588290154179,
    "best_val_mode_alloc_enabled_snr_20": 0.0,
    "best_val_mimo_n_tx_snr_20": 1.0,
    "best_val_mimo_T_snr_20": 3840.0,
    "best_val_mimo_L_snr_20": 3840.0,
    "best_val_mimo_L_pad_snr_20": 3840.0,
    "best_val_mimo_pad_symbols_snr_20": 0.0,
    "best_val_mimo_n_rx_snr_20": 1.0,
    "best_val_stream_alloc_enabled_snr_20": 0.0,
    "best_val_stream_alloc_assignment_enabled_snr_20": 0.0,
    "best_val_stream_alloc_power_enabled_snr_20": 0.0,
    "best_val_mimo_mmse_eps_snr_20": 9.999999999999985e-07,
    "best_val_snr_db_target_snr_20": 20.0,
    "best_val_snr_db_measured_pre_eq_snr_20": 20.00016538402702,
    "best_val_snr_db_measured_post_eq_snr_20": 20.04341630090641,
    "best_val_snr_db_measured_snr_20": 20.04341630090641,
    "best_val_signal_power_pre_eq_snr_20": 0.9999999841557273,
    "best_val_noise_power_pre_eq_snr_20": 0.009999643692958958,
    "best_val_signal_power_post_eq_snr_20": 0.9999999841557273,
    "best_val_noise_power_post_eq_snr_20": 0.009900551536886753,
    "best_val_mimo_sigma2_snr_20": 0.009999999776482582,
    "best_val_n_tokens_effective_snr_20": 20.0,
    "best_val_n_tokens_full_snr_20": 20.0,
    "best_val_dim_channel_snr_20": 192.0,
    "best_val_tokens_selected_snr_20": 19.0,
    "best_val_tokens_sent_snr_20": 19.0,
    "best_val_tokens_capacity_snr_20": 19.0,
    "best_val_d_sent_snr_20": 192.0,
    "best_val_tokens_sent_excl_cls_snr_20": 19.0,
    "best_val_rate_symbols_multiplier_snr_20": 1.0,
    "best_val_rate_symbols_snr_20": 3648.0,
    "best_val_rate_bits_snr_20": 0.0,
    "best_val_q_symbols_snr_20": 3840.0,
    "best_train_power_alloc_enabled": 1.0,
    "best_train_power_alloc_alpha": 1.0,
    "best_train_p_mean": 0.9999999984716758,
    "best_train_p_min": 0.031759986006774196,