{
    "best_epoch": 15,
    "best_train_accuracy": 0.834415064102564,
    "best_train_loss": 0.5455000684047356,
    "best_communication_cost": 362943.35999998334,
    "top_imp_frac": 0.0,
    "tokens_sent": 95.0,
    "symbols_sent": 18432.0,
    "symbol_rate": 18240.0,
    "best_val_accuracy": {
        "-5": 0.5214596518987342,
        "0": 0.7368473101265823,
        "10": 0.7940071202531646,
        "20": 0.7962816455696202
    },
    "best_val_loss": {
        "-5": 1.796053574055056,
        "0": 0.9175237749196306,
        "10": 0.7102413445333892,
        "20": 0.6982021554361416
    },
    "best_val_power_alloc_enabled_snr_-5": 1.0,
    "best_val_power_alloc_alpha_snr_-5": 1.0,
    "best_val_p_mean_snr_-5": 0.9999999856647057,
    "best_val_p_min_snr_-5": 0.13450227970186668,
    "best_val_p_max_snr_-5": 6.529469743559632,
    "best_val_mode_alloc_enabled_snr_-5": 0.0,
    "best_val_mimo_n_tx_snr_-5": 1.0,
    "best_val_mimo_T_snr_-5": 18432.0,
    "best_val_mimo_L_snr_-5": 18432.0,
    "best_val_mimo_L_pad_snr_-5": 18432.0,
    "best_val_mimo_pad_symbols_snr_-5": 0.0,
    "best_val_mimo_n_rx_snr_-5": 1.0,
    "best_val_stream_alloc_enabled_snr_-5": 0.0,
    "best_val_stream_alloc_assignment_enabled_snr_-5": 0.0,
    "best_val_stream_alloc_power_enabled_snr_-5": 0.0,
    "best_val_mimo_mmse_eps_snr_-5": 9.999999999999985e-07,
    "best_val_snr_db_target_snr_-5": -5.0,
    "best_val_snr_db_measured_pre_eq_snr_-5": -5.000068024743961,
    "best_val_snr_db_measured_post_eq_snr_-5": 1.1932361789896517,
    "best_val_snr_db_measured_snr_-5": 1.1932361789896517,
    "best_val_signal_power_pre_eq_snr_-5": 0.9999999924551083,
    "best_val_noise_power_pre_eq_snr_-5": 3.162328587302679,
    "best_val_signal_power_post_eq_snr_-5": 0.9999999924551083,
    "best_val_noise_power_post_eq_snr_-5": 0.7597600900674168,
    "best_val_mimo_sigma2_snr_-5": 3.1622776985168457,
    "best_val_n_tokens_effective_snr_-5": 96.0,
    "best_val_n_tokens_full_snr_-5": 96.0,
    "best_val_dim_channel_snr_-5": 192.0,
    "best_val_tokens_selected_snr_-5": 95.0,
    "best_val_tokens_sent_snr_-5": 95.0,
    "best_val_tokens_capacity_snr_-5": 95.0,
    "best_val_d_sent_snr_-5": 192.0,
    "best_val_tokens_sent_excl_cls_snr_-5": 95.0,
    "best_val_rate_symbols_multiplier_snr_-5": 1.0,
    "best_val_rate_symbols_snr_-5": 18240.0,
    "best_val_rate_bits_snr_-5": 0.0,
    "best_val_q_symbols_snr_-5": 18432.0,
    "best_val_power_alloc_enabled_snr_0": 1.0,
    "best_val_power_alloc_alpha_snr_0": 1.0,
    "best_val_p_mean_snr_0": 0.9999999834012382,
    "best_val_p_min_snr_0": 0.1350964891571033,
    "best_val_p_max_snr_0": 6.401571669156039,
    "best_val_mode_alloc_enabled_snr_0": 0.0,
    "best_val_mimo_n_tx_snr_0": 1.0,
    "best_val_mimo_T_snr_0": 18432.0,
    "best_val_mimo_L_snr_0": 18432.0,
    "best_val_mimo_L_pad_snr_0": 18432.0,
    "best_val_mimo_pad_symbols_snr_0": 0.0,
    "best_val_mimo_n_rx_snr_0": 1.0,
    "best_val_stream_alloc_enabled_snr_0": 0.0,
    "best_val_stream_alloc_assignment_enabled_snr_0": 0.0,
    "best_val_stream_alloc_power_enabled_snr_0": 0.0,
    "best_val_mimo_mmse_eps_snr_0": 9.999999999999985e-07,
    "best_val_snr_db_target_snr_0": 0.0,
    "best_val_snr_db_measured_pre_eq_snr_0": 4.306433393024615e-05,
    "best_val_snr_db_measured_post_eq_snr_0": 3.010923998265327,
    "best_val_snr_db_measured_snr_0": 3.010923998265327,
    "best_val_signal_power_pre_eq_snr_0": 0.9999999984910216,
    "best_val_noise_power_pre_eq_snr_0": 0.9999905583224719,
    "best_val_signal_power_post_eq_snr_0": 0.9999999984910216,
    "best_val_noise_power_post_eq_snr_0": 0.4999283114566079,
    "best_val_mimo_sigma2_snr_0": 1.0,
    "best_val_n_tokens_effective_snr_0": 96.0,
    "best_val_n_tokens_full_snr_0": 96.0,
    "best_val_dim_channel_snr_0": 192.0,
    "best_val_tokens_selected_snr_0": 95.0,
    "best_val_tokens_sent_snr_0": 95.0,
    "best_val_tokens_capacity_snr_0": 95.0,
    "best_val_d_sent_snr_0": 192.0,
    "best_val_tokens_sent_excl_cls_snr_0": 95.0,
    "best_val_rate_symbols_multiplier_snr_0": 1.0,
    "best_val_rate_symbols_snr_0": 18240.0,
    "best_val_rate_bits_snr_0": 0.0,
    "best_val_q_symbols_snr_0": 18432.0,
    "best_val_power_alloc_enabled_snr_10": 1.0,
    "best_val_power_alloc_alpha_snr_10": 1.0,
    "best_val_p_mean_snr_10": 0.9999999811377707,
    "best_val_p_min_snr_10": 0.1363199263622489,
    "best_val_p_max_snr_10": 6.438561584376082,
    "best_val_mode_alloc_enabled_snr_10": 0.0,
    "best_val_mimo_n_tx_snr_10": 1.0,
    "best_val_mimo_T_snr_10": 18432.0,
    "best_val_mimo_L_snr_10": 18432.0,
    "best_val_mimo_L_pad_snr_10": 18432.0,
    "best_val_mimo_pad_symbols_snr_10": 0.0,
    "best_val_mimo_n_rx_snr_10": 1.0,
    "best_val_stream_alloc_enabled_snr_10": 0.0,
    "best_val_stream_alloc_assignment_enabled_snr_10": 0.0,
    "best_val_stream_alloc_power_enabled_snr_10": 0.0,
    "best_val_mimo_mmse_eps_snr_10": 9.999999999999985e-07,
    "best_val_snr_db_target_snr_10": 10.0,
    "best_val_snr_db_measured_pre_eq_snr_10": 9.99988936170747,
    "best_val_snr_db_measured_post_eq_snr_10": 10.414155380635322,
    "best_val_snr_db_measured_snr_10": 10.414155380635322,
    "best_val_signal_power_pre_eq_snr_10": 0.999999995473065,
    "best_val_noise_power_pre_eq_snr_10": 0.10000258674727211,
    "best_val_signal_power_post_eq_snr_10": 0.999999995473065,
    "best_val_noise_power_post_eq_snr_10": 0.09090434608957436,
    "best_val_mimo_sigma2_snr_10": 0.09999999422815782,
    "best_val_n_tokens_effective_snr_10": 96.0,
    "best_val_n_tokens_full_snr_10": 96.0,
    "best_val_dim_channel_snr_10": 192.0,
    "best_val_tokens_selected_snr_10": 95.0,
    "best_val_tokens_sent_snr_10": 95.0,
    "best_val_tokens_capacity_snr_10": 95.0,
    "best_val_d_sent_snr_10": 192.0,
    "best_val_tokens_sent_excl_cls_snr_10": 95.0,
    "best_val_rate_symbols_multiplier_snr_10": 1.0,
    "best_val_rate_symbols_snr_10": 18240.0,
    "best_val_rate_bits_snr_10": 0.0,
    "best_val_q_symbols_snr_10": 18432.0,
    "best_val_power_alloc_enabled_snr_20": 1.0,
    "best_val_power_alloc_alpha_snr_20": 1.0,
    "best_val_p_mean_snr_20": 0.9999999901916408,
    "best_val_p_min_snr_20": 0.13556262954503676,
    "best_val_p_max_snr_20": 6.518404055245315,
    "best_val_mode_alloc_enabled_snr_20": 0.0,
    "best_val_mimo_n_tx_snr_20": 1.0,
    "best_val_mimo_T_snr_20": 18432.0,
    "best_val_mimo_L_snr_20": 18432.0,
    "best_val_mimo_L_pad_snr_20": 18432.0,
    "best_val_mimo_pad_symbols_snr_20": 0.0,
    "best_val_mimo_n_rx_snr_20": 1.0,
    "best_val_stream_alloc_enabled_snr_20": 0.0,
    "best_val_stream_alloc_assignment_enabled_snr_20": 0.0,
    "best_val_stream_alloc_power_enabled_snr_20": 0.0,
    "best_val_mimo_mmse_eps_snr_20": 9.999999999999985e-07,
    "best_val_snr_db_target_snr_20": 20.0,
    "best_val_snr_db_measured_pre_eq_snr_20": 19.999696973003918,
    "best_val_snr_db_measured_post_eq_snr_20": 20.042846365820004,
    "best_val_snr_db_measured_snr_20": 20.042846365820004,
    "best_val_signal_power_pre_eq_snr_20": 0.9999999894371515,
    "best_val_noise_power_pre_eq_snr_20": 0.010000703644148911,
    "best_val_signal_power_post_eq_snr_20": 0.9999999894371515,
    "best_val_noise_power_post_eq_snr_20": 0.009901833920916425,
    "best_val_mimo_sigma2_snr_20": 0.009999999776482582,
    "best_val_n_tokens_effective_snr_20": 96.0,
    "best_val_n_tokens_full_snr_20": 96.0,
    "best_val_dim_channel_snr_20": 192.0,
    "best_val_tokens_selected_snr_20": 95.0,
    "best_val_tokens_sent_snr_20": 95.0,
    "best_val_tokens_capacity_snr_20": 95.0,
    "best_val_d_sent_snr_20": 192.0,
    "best_val_tokens_sent_excl_cls_snr_20": 95.0,
    "best_val_rate_symbols_multiplier_snr_20": 1.0,
    "best_val_rate_symbols_snr_20": 18240.0,
    "best_val_rate_bits_snr_20": 0.0,
    "best_val_q_symbols_snr_20": 18432.0,
    "best_train_power_alloc_enabled": 1.0,
    "best_train_power_alloc_alpha": 1.0,
    "best_train_p_mean": 0.9999999830356011,