{"tau": 1.9938232128991722, "logits_std": 5.107987182568281, "logits_mean": -0.0001286702430859758, "entropy": 0.044802246426486135, "grad_score_head": 0.003520086969281018, "grad_backbone": 0.11120240434478873, "payload_x_norm": 1223.0628813914764, "payload_out_norm": 1117.5127483661358, "payload_diff_norm": 1073.5608440105732, "epoch": 1}
{"tau": 1.9569917164065023, "logits_std": 5.44680424225636, "logits_mean": 0.00021467868730894998, "entropy": 0.03359915572934999, "grad_score_head": 0.005812780587868287, "grad_backbone": 0.1999914326919959, "payload_x_norm": 1224.4686013246194, "payload_out_norm": 1125.9016646947616, "payload_diff_norm": 925.2509687766051, "epoch": 2}
{"tau": 1.8848908095309802, "logits_std": 5.685762713505672, "logits_mean": 0.000409853505791547, "entropy": 0.0326906220569538, "grad_score_head": 0.0058270023250653865, "grad_backbone": 0.22457856581761287, "payload_x_norm": 1237.5781008989384, "payload_out_norm": 1145.0311102451421, "payload_diff_norm": 944.8361712137859, "epoch": 3}
{"tau": 1.7806716478816023, "logits_std": 5.861181079424345, "logits_mean": 0.00034661031099042305, "entropy": 0.023730372186177053, "grad_score_head": 0.004139696242521332, "grad_backbone": 0.1814228303730488, "payload_x_norm": 1235.3992146027394, "payload_out_norm": 1129.2797382061299, "payload_diff_norm": 941.9562248816857, "epoch": 4}
{"tau": 1.6488891089214692, "logits_std": 5.989257389459855, "logits_mean": 0.0004909520690442803, "entropy": 0.022447865766186553, "grad_score_head": 0.003676490085182685, "grad_backbone": 0.17943828465082706, "payload_x_norm": 1219.0159192207532, "payload_out_norm": 1121.9307540502305, "payload_diff_norm": 898.984723839393, "epoch": 5}
{"tau": 1.4953027219659205, "logits_std": 6.0632997415004635, "logits_mean": 0.0008549501747788431, "entropy": 0.019198249344033403, "grad_score_head": 0.0029073801610605024, "grad_backbone": 0.15104224423949536, "payload_x_norm": 1224.7333805964543, "payload_out_norm": 1125.8033799391526, "payload_diff_norm": 884.1648333818484, "epoch": 6}
{"tau": 1.326624949114166, "logits_std": 6.147657272143242, "logits_mean": 0.0010219208258860865, "entropy": 0.019287814096643183, "grad_score_head": 0.002845362473589119, "grad_backbone": 0.17058779583909572, "payload_x_norm": 1219.9992329132863, "payload_out_norm": 1108.4262401091746, "payload_diff_norm": 894.5864158434746, "epoch": 7}
{"tau": 1.1502278184455834, "logits_std": 6.210467506066347, "logits_mean": 0.0009096682762715202, "entropy": 0.01916215849162724, "grad_score_head": 0.0027112886947296107, "grad_backbone": 0.18888933010972464, "payload_x_norm": 1234.8210115090394, "payload_out_norm": 1136.8675240541115, "payload_diff_norm": 880.5320891747108, "epoch": 8}
{"tau": 0.9738207310177344, "logits_std": 6.245922323373648, "logits_mean": 0.001240786716927034, "entropy": 0.0219610483203537, "grad_score_head": 0.0021329104277892606, "grad_backbone": 0.1522322416687623, "payload_x_norm": 1205.1879875769982, "payload_out_norm": 1116.6023647210536, "payload_diff_norm": 792.8298971518492, "epoch": 9}
{"tau": 0.805113523046339, "logits_std": 6.258854538355118, "logits_mean": 0.0016101271931965573, "entropy": 0.019326116280773513, "grad_score_head": 0.0016107528826395513, "grad_backbone": 0.1315507715711227, "payload_x_norm": 1236.3047596466847, "payload_out_norm": 1137.860766758063, "payload_diff_norm": 764.7144092559814, "epoch": 10}
{"tau": 0.6514795090667488, "logits_std": 6.294029576961811, "logits_mean": 0.001728668434617038, "entropy": 0.01278729634374404, "grad_score_head": 0.0011219792531217256, "grad_backbone": 0.1344772009131236, "payload_x_norm": 1208.9537657126402, "payload_out_norm": 1114.4907517653246, "payload_diff_norm": 803.9851503225473, "epoch": 11}
{"tau": 0.5196332327076637, "logits_std": 6.286246238610683, "logits_mean": 0.002041237211177269, "entropy": 0.011654910894501368, "grad_score_head": 0.0008927331073426814, "grad_backbone": 0.1288420065664328, "payload_x_norm": 1226.63567966559, "payload_out_norm": 1203.1924194335938, "payload_diff_norm": 765.7926606398362, "epoch": 12}
{"tau": 0.4153370089146033, "logits_std": 6.30761582668011, "logits_mean": 0.0026381924491710004, "entropy": 0.014208617512374006, "grad_score_head": 0.0011018474252800377, "grad_backbone": 0.1447232646628832, "payload_x_norm": 1268.841608996269, "payload_out_norm": 1245.3102776160606, "payload_diff_norm": 802.7619114508996, "epoch": 13}
{"tau": 0.34314908313613235, "logits_std": 6.285981295658992, "logits_mean": 0.003190924337683007, "entropy": 0.016649806644925727, "grad_score_head": 0.0010572666064972553, "grad_backbone": 0.16509469961508727, "payload_x_norm": 1241.466009051983, "payload_out_norm": 1218.0068582388071, "payload_diff_norm": 876.133291929196, "epoch": 14}
{"tau": 0.3062244141248697, "logits_std": 6.342780351638794, "logits_mean": 0.003121718280136776, "entropy": 0.006962026638983152, "grad_score_head": 0.0003554594866370636, "grad_backbone": 0.1241250468370242, "payload_x_norm": 1221.9550047263122, "payload_out_norm": 1200.0692416460085, "payload_diff_norm": 609.8319018828563, "epoch": 15}
